object,task,log,commit,seed,goal_index,goal_timestamp_s,segment_time_to_goal_s,session_total_s,session_outcome,failure_category
Letter I,I_shape_texture,results/fig8_consecutive_28_c3plus/I_shape_texture/I_shape_texture_consecutive28.txt,4b12d8a,0,1,15.375,15.375,30.075,FAIL,numerical_divergence
Letter I,I_shape_texture,results/fig8_consecutive_28_c3plus/I_shape_texture/I_shape_texture_consecutive28.txt,4b12d8a,0,2,30.075,14.700,30.075,FAIL,numerical_divergence
Letter C,C_shape_texture,results/fig8_consecutive_28_c3plus/C_shape_texture/C_shape_texture_consecutive28.txt,4b12d8a,0,1,14.700,14.700,28.350,FAIL,numerical_divergence
Letter C,C_shape_texture,results/fig8_consecutive_28_c3plus/C_shape_texture/C_shape_texture_consecutive28.txt,4b12d8a,0,2,28.350,13.650,28.350,FAIL,numerical_divergence
Letter R,R_shape_texture,results/fig8_consecutive_28_c3plus/R_shape_texture/R_shape_texture_consecutive28.txt,4b12d8a,0,1,15.525,15.525,80.100,FAIL,numerical_divergence
Letter R,R_shape_texture,results/fig8_consecutive_28_c3plus/R_shape_texture/R_shape_texture_consecutive28.txt,4b12d8a,0,2,80.100,64.575,80.100,FAIL,numerical_divergence
Letter A,A_shape_video,results/fig8_consecutive_28_c3plus/A_shape_video/A_shape_video_consecutive28.txt,4b12d8a,0,1,13.500,13.500,13.500,FAIL,persistent_topple
Letter Y,Y_shape_video,results/fig8_consecutive_28_c3plus/Y_shape_video/Y_shape_video_consecutive28.txt,4b12d8a,0,1,36.300,36.300,892.725,FAIL,persistent_topple
Letter Y,Y_shape_video,results/fig8_consecutive_28_c3plus/Y_shape_video/Y_shape_video_consecutive28.txt,4b12d8a,0,2,49.875,13.575,892.725,FAIL,persistent_topple
Letter Y,Y_shape_video,results/fig8_consecutive_28_c3plus/Y_shape_video/Y_shape_video_consecutive28.txt,4b12d8a,0,3,249.900,200.025,892.725,FAIL,persistent_topple
Letter Y,Y_shape_video,results/fig8_consecutive_28_c3plus/Y_shape_video/Y_shape_video_consecutive28.txt,4b12d8a,0,4,612.600,362.700,892.725,FAIL,persistent_topple
Letter Y,Y_shape_video,results/fig8_consecutive_28_c3plus/Y_shape_video/Y_shape_video_consecutive28.txt,4b12d8a,0,5,725.925,113.325,892.725,FAIL,persistent_topple
Letter Y,Y_shape_video,results/fig8_consecutive_28_c3plus/Y_shape_video/Y_shape_video_consecutive28.txt,4b12d8a,0,6,822.000,96.075,892.725,FAIL,persistent_topple
Letter Y,Y_shape_video,results/fig8_consecutive_28_c3plus/Y_shape_video/Y_shape_video_consecutive28.txt,4b12d8a,0,7,892.725,70.725,892.725,FAIL,persistent_topple
Letter G,G_shape_video,results/fig8_consecutive_28_c3plus/G_shape_video/G_shape_video_consecutive28.txt,4b12d8a,0,1,16.125,16.125,30.600,FAIL,numerical_divergence
Letter G,G_shape_video,results/fig8_consecutive_28_c3plus/G_shape_video/G_shape_video_consecutive28.txt,4b12d8a,0,2,30.600,14.475,30.600,FAIL,numerical_divergence
Letter B,B_shape_video,results/fig8_consecutive_28_c3plus/B_shape_video/B_shape_video_consecutive28.txt,4b12d8a,0,1,41.775,41.775,60.750,FAIL,numerical_divergence
Letter B,B_shape_video,results/fig8_consecutive_28_c3plus/B_shape_video/B_shape_video_consecutive28.txt,4b12d8a,0,2,60.750,18.975,60.750,FAIL,numerical_divergence
Letter 3,3_shape_video,results/fig8_consecutive_28_c3plus/3_shape_video/3_shape_video_consecutive28.txt,4b12d8a,0,1,50.400,50.400,76.200,FAIL,numerical_divergence
Letter 3,3_shape_video,results/fig8_consecutive_28_c3plus/3_shape_video/3_shape_video_consecutive28.txt,4b12d8a,0,2,76.200,25.800,76.200,FAIL,numerical_divergence
Letter H,H_shape_texture,results/fig8_consecutive_28_c3plus/H_shape_texture/H_shape_texture_consecutive28.txt,4b12d8a,0,1,23.025,23.025,23.025,FAIL,numerical_divergence
Letter S,S_shape,results/fig8_consecutive_28_c3plus/S_shape/S_shape_consecutive28.txt,4b12d8a,0,1,35.700,35.700,67.500,FAIL,numerical_divergence
Letter S,S_shape,results/fig8_consecutive_28_c3plus/S_shape/S_shape_consecutive28.txt,4b12d8a,0,2,67.500,31.800,67.500,FAIL,numerical_divergence
Expo Box,expo_box,results/fig8_consecutive_28_c3plus/expo_box/expo_box_consecutive28.txt,4b12d8a,0,1,21.825,21.825,413.475,PASS,
Expo Box,expo_box,results/fig8_consecutive_28_c3plus/expo_box/expo_box_consecutive28.txt,4b12d8a,0,2,38.400,16.575,413.475,PASS,
Expo Box,expo_box,results/fig8_consecutive_28_c3plus/expo_box/expo_box_consecutive28.txt,4b12d8a,0,3,52.575,14.175,413.475,PASS,
Expo Box,expo_box,results/fig8_consecutive_28_c3plus/expo_box/expo_box_consecutive28.txt,4b12d8a,0,4,76.950,24.375,413.475,PASS,
Expo Box,expo_box,results/fig8_consecutive_28_c3plus/expo_box/expo_box_consecutive28.txt,4b12d8a,0,5,89.925,12.975,413.475,PASS,
Expo Box,expo_box,results/fig8_consecutive_28_c3plus/expo_box/expo_box_consecutive28.txt,4b12d8a,0,6,107.400,17.475,413.475,PASS,
Expo Box,expo_box,results/fig8_consecutive_28_c3plus/expo_box/expo_box_consecutive28.txt,4b12d8a,0,7,116.700,9.300,413.475,PASS,
Expo Box,expo_box,results/fig8_consecutive_28_c3plus/expo_box/expo_box_consecutive28.txt,4b12d8a,0,8,130.950,14.250,413.475,PASS,
Expo Box,expo_box,results/fig8_consecutive_28_c3plus/expo_box/expo_box_consecutive28.txt,4b12d8a,0,9,139.950,9.000,413.475,PASS,
Expo Box,expo_box,results/fig8_consecutive_28_c3plus/expo_box/expo_box_consecutive28.txt,4b12d8a,0,10,164.850,24.900,413.475,PASS,
Expo Box,expo_box,results/fig8_consecutive_28_c3plus/expo_box/expo_box_consecutive28.txt,4b12d8a,0,11,173.025,8.175,413.475,PASS,
Expo Box,expo_box,results/fig8_consecutive_28_c3plus/expo_box/expo_box_consecutive28.txt,4b12d8a,0,12,183.750,10.725,413.475,PASS,
Expo Box,expo_box,results/fig8_consecutive_28_c3plus/expo_box/expo_box_consecutive28.txt,4b12d8a,0,13,189.300,5.550,413.475,PASS,
Expo Box,expo_box,results/fig8_consecutive_28_c3plus/expo_box/expo_box_consecutive28.txt,4b12d8a,0,14,207.150,17.850,413.475,PASS,
Expo Box,expo_box,results/fig8_consecutive_28_c3plus/expo_box/expo_box_consecutive28.txt,4b12d8a,0,15,226.275,19.125,413.475,PASS,
Expo Box,expo_box,results/fig8_consecutive_28_c3plus/expo_box/expo_box_consecutive28.txt,4b12d8a,0,16,240.375,14.100,413.475,PASS,
Expo Box,expo_box,results/fig8_consecutive_28_c3plus/expo_box/expo_box_consecutive28.txt,4b12d8a,0,17,266.250,25.875,413.475,PASS,
Expo Box,expo_box,results/fig8_consecutive_28_c3plus/expo_box/expo_box_consecutive28.txt,4b12d8a,0,18,278.625,12.375,413.475,PASS,
Expo Box,expo_box,results/fig8_consecutive_28_c3plus/expo_box/expo_box_consecutive28.txt,4b12d8a,0,19,293.550,14.925,413.475,PASS,
Expo Box,expo_box,results/fig8_consecutive_28_c3plus/expo_box/expo_box_consecutive28.txt,4b12d8a,0,20,308.700,15.150,413.475,PASS,
Expo Box,expo_box,results/fig8_consecutive_28_c3plus/expo_box/expo_box_consecutive28.txt,4b12d8a,0,21,327.000,18.300,413.475,PASS,
Expo Box,expo_box,results/fig8_consecutive_28_c3plus/expo_box/expo_box_consecutive28.txt,4b12d8a,0,22,337.650,10.650,413.475,PASS,
Expo Box,expo_box,results/fig8_consecutive_28_c3plus/expo_box/expo_box_consecutive28.txt,4b12d8a,0,23,348.075,10.425,413.475,PASS,
Expo Box,expo_box,results/fig8_consecutive_28_c3plus/expo_box/expo_box_consecutive28.txt,4b12d8a,0,24,363.450,15.375,413.475,PASS,
Expo Box,expo_box,results/fig8_consecutive_28_c3plus/expo_box/expo_box_consecutive28.txt,4b12d8a,0,25,382.200,18.750,413.475,PASS,
Expo Box,expo_box,results/fig8_consecutive_28_c3plus/expo_box/expo_box_consecutive28.txt,4b12d8a,0,26,393.375,11.175,413.475,PASS,
Expo Box,expo_box,results/fig8_consecutive_28_c3plus/expo_box/expo_box_consecutive28.txt,4b12d8a,0,27,407.025,13.650,413.475,PASS,
Expo Box,expo_box,results/fig8_consecutive_28_c3plus/expo_box/expo_box_consecutive28.txt,4b12d8a,0,28,413.475,6.450,413.475,PASS,
Lotion,lotion_block,results/fig8_consecutive_28_c3plus/lotion_block/lotion_block_consecutive28.txt,4b12d8a,0,1,9.825,9.825,109.050,FAIL,persistent_topple
Lotion,lotion_block,results/fig8_consecutive_28_c3plus/lotion_block/lotion_block_consecutive28.txt,4b12d8a,0,2,28.425,18.600,109.050,FAIL,persistent_topple
Lotion,lotion_block,results/fig8_consecutive_28_c3plus/lotion_block/lotion_block_consecutive28.txt,4b12d8a,0,3,47.700,19.275,109.050,FAIL,persistent_topple
Lotion,lotion_block,results/fig8_consecutive_28_c3plus/lotion_block/lotion_block_consecutive28.txt,4b12d8a,0,4,62.325,14.625,109.050,FAIL,persistent_topple
Lotion,lotion_block,results/fig8_consecutive_28_c3plus/lotion_block/lotion_block_consecutive28.txt,4b12d8a,0,5,68.250,5.925,109.050,FAIL,persistent_topple
Lotion,lotion_block,results/fig8_consecutive_28_c3plus/lotion_block/lotion_block_consecutive28.txt,4b12d8a,0,6,89.925,21.675,109.050,FAIL,persistent_topple
Lotion,lotion_block,results/fig8_consecutive_28_c3plus/lotion_block/lotion_block_consecutive28.txt,4b12d8a,0,7,109.050,19.125,109.050,FAIL,persistent_topple
Wood Block,wood_block,results/fig8_consecutive_28_c3plus/wood_block/wood_block_consecutive28.txt,4b12d8a,0,1,10.425,10.425,62.100,FAIL,persistent_topple
Wood Block,wood_block,results/fig8_consecutive_28_c3plus/wood_block/wood_block_consecutive28.txt,4b12d8a,0,2,47.475,37.050,62.100,FAIL,persistent_topple
Wood Block,wood_block,results/fig8_consecutive_28_c3plus/wood_block/wood_block_consecutive28.txt,4b12d8a,0,3,62.100,14.625,62.100,FAIL,persistent_topple
Milk Bottle,milk,results/fig8_consecutive_28_c3plus/milk/milk_consecutive28.txt,4b12d8a,0,1,14.400,14.400,329.925,PASS,
Milk Bottle,milk,results/fig8_consecutive_28_c3plus/milk/milk_consecutive28.txt,4b12d8a,0,2,24.600,10.200,329.925,PASS,
Milk Bottle,milk,results/fig8_consecutive_28_c3plus/milk/milk_consecutive28.txt,4b12d8a,0,3,41.550,16.950,329.925,PASS,
Milk Bottle,milk,results/fig8_consecutive_28_c3plus/milk/milk_consecutive28.txt,4b12d8a,0,4,42.300,0.750,329.925,PASS,
Milk Bottle,milk,results/fig8_consecutive_28_c3plus/milk/milk_consecutive28.txt,4b12d8a,0,5,57.300,15.000,329.925,PASS,
Milk Bottle,milk,results/fig8_consecutive_28_c3plus/milk/milk_consecutive28.txt,4b12d8a,0,6,67.575,10.275,329.925,PASS,
Milk Bottle,milk,results/fig8_consecutive_28_c3plus/milk/milk_consecutive28.txt,4b12d8a,0,7,82.950,15.375,329.925,PASS,
Milk Bottle,milk,results/fig8_consecutive_28_c3plus/milk/milk_consecutive28.txt,4b12d8a,0,8,93.900,10.950,329.925,PASS,
Milk Bottle,milk,results/fig8_consecutive_28_c3plus/milk/milk_consecutive28.txt,4b12d8a,0,9,99.600,5.700,329.925,PASS,
Milk Bottle,milk,results/fig8_consecutive_28_c3plus/milk/milk_consecutive28.txt,4b12d8a,0,10,116.175,16.575,329.925,PASS,
Milk Bottle,milk,results/fig8_consecutive_28_c3plus/milk/milk_consecutive28.txt,4b12d8a,0,11,121.575,5.400,329.925,PASS,
Milk Bottle,milk,results/fig8_consecutive_28_c3plus/milk/milk_consecutive28.txt,4b12d8a,0,12,131.625,10.050,329.925,PASS,
Milk Bottle,milk,results/fig8_consecutive_28_c3plus/milk/milk_consecutive28.txt,4b12d8a,0,13,156.825,25.200,329.925,PASS,
Milk Bottle,milk,results/fig8_consecutive_28_c3plus/milk/milk_consecutive28.txt,4b12d8a,0,14,164.400,7.575,329.925,PASS,
Milk Bottle,milk,results/fig8_consecutive_28_c3plus/milk/milk_consecutive28.txt,4b12d8a,0,15,174.600,10.200,329.925,PASS,
Milk Bottle,milk,results/fig8_consecutive_28_c3plus/milk/milk_consecutive28.txt,4b12d8a,0,16,184.125,9.525,329.925,PASS,
Milk Bottle,milk,results/fig8_consecutive_28_c3plus/milk/milk_consecutive28.txt,4b12d8a,0,17,199.275,15.150,329.925,PASS,
Milk Bottle,milk,results/fig8_consecutive_28_c3plus/milk/milk_consecutive28.txt,4b12d8a,0,18,223.800,24.525,329.925,PASS,
Milk Bottle,milk,results/fig8_consecutive_28_c3plus/milk/milk_consecutive28.txt,4b12d8a,0,19,233.700,9.900,329.925,PASS,
Milk Bottle,milk,results/fig8_consecutive_28_c3plus/milk/milk_consecutive28.txt,4b12d8a,0,20,244.650,10.950,329.925,PASS,
Milk Bottle,milk,results/fig8_consecutive_28_c3plus/milk/milk_consecutive28.txt,4b12d8a,0,21,259.425,14.775,329.925,PASS,
Milk Bottle,milk,results/fig8_consecutive_28_c3plus/milk/milk_consecutive28.txt,4b12d8a,0,22,264.600,5.175,329.925,PASS,
Milk Bottle,milk,results/fig8_consecutive_28_c3plus/milk/milk_consecutive28.txt,4b12d8a,0,23,269.625,5.025,329.925,PASS,
Milk Bottle,milk,results/fig8_consecutive_28_c3plus/milk/milk_consecutive28.txt,4b12d8a,0,24,279.600,9.975,329.925,PASS,
Milk Bottle,milk,results/fig8_consecutive_28_c3plus/milk/milk_consecutive28.txt,4b12d8a,0,25,296.175,16.575,329.925,PASS,
Milk Bottle,milk,results/fig8_consecutive_28_c3plus/milk/milk_consecutive28.txt,4b12d8a,0,26,302.625,6.450,329.925,PASS,
Milk Bottle,milk,results/fig8_consecutive_28_c3plus/milk/milk_consecutive28.txt,4b12d8a,0,27,315.075,12.450,329.925,PASS,
Milk Bottle,milk,results/fig8_consecutive_28_c3plus/milk/milk_consecutive28.txt,4b12d8a,0,28,329.925,14.850,329.925,PASS,
Clamp,clamp_block,results/fig8_consecutive_28_c3plus/clamp_block/clamp_block_consecutive28.txt,4b12d8a,0,1,13.650,13.650,47.250,FAIL,workspace_limit
Clamp,clamp_block,results/fig8_consecutive_28_c3plus/clamp_block/clamp_block_consecutive28.txt,4b12d8a,0,2,26.700,13.050,47.250,FAIL,workspace_limit
Clamp,clamp_block,results/fig8_consecutive_28_c3plus/clamp_block/clamp_block_consecutive28.txt,4b12d8a,0,3,47.250,20.550,47.250,FAIL,workspace_limit
Chicken Broth,chicken_broth,results/fig8_consecutive_28_c3plus/chicken_broth/chicken_broth_consecutive28.txt,4b12d8a,0,1,25.125,25.125,378.975,PASS,
Chicken Broth,chicken_broth,results/fig8_consecutive_28_c3plus/chicken_broth/chicken_broth_consecutive28.txt,4b12d8a,0,2,32.925,7.800,378.975,PASS,
Chicken Broth,chicken_broth,results/fig8_consecutive_28_c3plus/chicken_broth/chicken_broth_consecutive28.txt,4b12d8a,0,3,43.875,10.950,378.975,PASS,
Chicken Broth,chicken_broth,results/fig8_consecutive_28_c3plus/chicken_broth/chicken_broth_consecutive28.txt,4b12d8a,0,4,54.450,10.575,378.975,PASS,
Chicken Broth,chicken_broth,results/fig8_consecutive_28_c3plus/chicken_broth/chicken_broth_consecutive28.txt,4b12d8a,0,5,65.550,11.100,378.975,PASS,
Chicken Broth,chicken_broth,results/fig8_consecutive_28_c3plus/chicken_broth/chicken_broth_consecutive28.txt,4b12d8a,0,6,81.450,15.900,378.975,PASS,
Chicken Broth,chicken_broth,results/fig8_consecutive_28_c3plus/chicken_broth/chicken_broth_consecutive28.txt,4b12d8a,0,7,97.200,15.750,378.975,PASS,
Chicken Broth,chicken_broth,results/fig8_consecutive_28_c3plus/chicken_broth/chicken_broth_consecutive28.txt,4b12d8a,0,8,112.200,15.000,378.975,PASS,
Chicken Broth,chicken_broth,results/fig8_consecutive_28_c3plus/chicken_broth/chicken_broth_consecutive28.txt,4b12d8a,0,9,142.650,30.450,378.975,PASS,
Chicken Broth,chicken_broth,results/fig8_consecutive_28_c3plus/chicken_broth/chicken_broth_consecutive28.txt,4b12d8a,0,10,162.375,19.725,378.975,PASS,
Chicken Broth,chicken_broth,results/fig8_consecutive_28_c3plus/chicken_broth/chicken_broth_consecutive28.txt,4b12d8a,0,11,168.450,6.075,378.975,PASS,
Chicken Broth,chicken_broth,results/fig8_consecutive_28_c3plus/chicken_broth/chicken_broth_consecutive28.txt,4b12d8a,0,12,177.600,9.150,378.975,PASS,
Chicken Broth,chicken_broth,results/fig8_consecutive_28_c3plus/chicken_broth/chicken_broth_consecutive28.txt,4b12d8a,0,13,189.825,12.225,378.975,PASS,
Chicken Broth,chicken_broth,results/fig8_consecutive_28_c3plus/chicken_broth/chicken_broth_consecutive28.txt,4b12d8a,0,14,199.800,9.975,378.975,PASS,
Chicken Broth,chicken_broth,results/fig8_consecutive_28_c3plus/chicken_broth/chicken_broth_consecutive28.txt,4b12d8a,0,15,210.975,11.175,378.975,PASS,
Chicken Broth,chicken_broth,results/fig8_consecutive_28_c3plus/chicken_broth/chicken_broth_consecutive28.txt,4b12d8a,0,16,224.100,13.125,378.975,PASS,
Chicken Broth,chicken_broth,results/fig8_consecutive_28_c3plus/chicken_broth/chicken_broth_consecutive28.txt,4b12d8a,0,17,234.900,10.800,378.975,PASS,
Chicken Broth,chicken_broth,results/fig8_consecutive_28_c3plus/chicken_broth/chicken_broth_consecutive28.txt,4b12d8a,0,18,249.750,14.850,378.975,PASS,
Chicken Broth,chicken_broth,results/fig8_consecutive_28_c3plus/chicken_broth/chicken_broth_consecutive28.txt,4b12d8a,0,19,259.425,9.675,378.975,PASS,
Chicken Broth,chicken_broth,results/fig8_consecutive_28_c3plus/chicken_broth/chicken_broth_consecutive28.txt,4b12d8a,0,20,268.950,9.525,378.975,PASS,
Chicken Broth,chicken_broth,results/fig8_consecutive_28_c3plus/chicken_broth/chicken_broth_consecutive28.txt,4b12d8a,0,21,286.275,17.325,378.975,PASS,
Chicken Broth,chicken_broth,results/fig8_consecutive_28_c3plus/chicken_broth/chicken_broth_consecutive28.txt,4b12d8a,0,22,296.250,9.975,378.975,PASS,
Chicken Broth,chicken_broth,results/fig8_consecutive_28_c3plus/chicken_broth/chicken_broth_consecutive28.txt,4b12d8a,0,23,311.250,15.000,378.975,PASS,
Chicken Broth,chicken_broth,results/fig8_consecutive_28_c3plus/chicken_broth/chicken_broth_consecutive28.txt,4b12d8a,0,24,321.525,10.275,378.975,PASS,
Chicken Broth,chicken_broth,results/fig8_consecutive_28_c3plus/chicken_broth/chicken_broth_consecutive28.txt,4b12d8a,0,25,327.000,5.475,378.975,PASS,
Chicken Broth,chicken_broth,results/fig8_consecutive_28_c3plus/chicken_broth/chicken_broth_consecutive28.txt,4b12d8a,0,26,341.925,14.925,378.975,PASS,
Chicken Broth,chicken_broth,results/fig8_consecutive_28_c3plus/chicken_broth/chicken_broth_consecutive28.txt,4b12d8a,0,27,358.125,16.200,378.975,PASS,
Chicken Broth,chicken_broth,results/fig8_consecutive_28_c3plus/chicken_broth/chicken_broth_consecutive28.txt,4b12d8a,0,28,378.975,20.850,378.975,PASS,
Egg Carton,egg_carton,results/fig8_consecutive_28_c3plus/egg_carton/egg_carton_consecutive28.txt,4b12d8a,0,1,20.625,20.625,535.200,PASS,
Egg Carton,egg_carton,results/fig8_consecutive_28_c3plus/egg_carton/egg_carton_consecutive28.txt,4b12d8a,0,2,53.250,32.625,535.200,PASS,
Egg Carton,egg_carton,results/fig8_consecutive_28_c3plus/egg_carton/egg_carton_consecutive28.txt,4b12d8a,0,3,71.025,17.775,535.200,PASS,
Egg Carton,egg_carton,results/fig8_consecutive_28_c3plus/egg_carton/egg_carton_consecutive28.txt,4b12d8a,0,4,82.725,11.700,535.200,PASS,
Egg Carton,egg_carton,results/fig8_consecutive_28_c3plus/egg_carton/egg_carton_consecutive28.txt,4b12d8a,0,5,105.300,22.575,535.200,PASS,
Egg Carton,egg_carton,results/fig8_consecutive_28_c3plus/egg_carton/egg_carton_consecutive28.txt,4b12d8a,0,6,141.900,36.600,535.200,PASS,
Egg Carton,egg_carton,results/fig8_consecutive_28_c3plus/egg_carton/egg_carton_consecutive28.txt,4b12d8a,0,7,164.625,22.725,535.200,PASS,
Egg Carton,egg_carton,results/fig8_consecutive_28_c3plus/egg_carton/egg_carton_consecutive28.txt,4b12d8a,0,8,186.225,21.600,535.200,PASS,
Egg Carton,egg_carton,results/fig8_consecutive_28_c3plus/egg_carton/egg_carton_consecutive28.txt,4b12d8a,0,9,218.100,31.875,535.200,PASS,
Egg Carton,egg_carton,results/fig8_consecutive_28_c3plus/egg_carton/egg_carton_consecutive28.txt,4b12d8a,0,10,230.175,12.075,535.200,PASS,
Egg Carton,egg_carton,results/fig8_consecutive_28_c3plus/egg_carton/egg_carton_consecutive28.txt,4b12d8a,0,11,238.200,8.025,535.200,PASS,
Egg Carton,egg_carton,results/fig8_consecutive_28_c3plus/egg_carton/egg_carton_consecutive28.txt,4b12d8a,0,12,254.925,16.725,535.200,PASS,
Egg Carton,egg_carton,results/fig8_consecutive_28_c3plus/egg_carton/egg_carton_consecutive28.txt,4b12d8a,0,13,271.575,16.650,535.200,PASS,
Egg Carton,egg_carton,results/fig8_consecutive_28_c3plus/egg_carton/egg_carton_consecutive28.txt,4b12d8a,0,14,297.750,26.175,535.200,PASS,
Egg Carton,egg_carton,results/fig8_consecutive_28_c3plus/egg_carton/egg_carton_consecutive28.txt,4b12d8a,0,15,304.275,6.525,535.200,PASS,
Egg Carton,egg_carton,results/fig8_consecutive_28_c3plus/egg_carton/egg_carton_consecutive28.txt,4b12d8a,0,16,315.300,11.025,535.200,PASS,
Egg Carton,egg_carton,results/fig8_consecutive_28_c3plus/egg_carton/egg_carton_consecutive28.txt,4b12d8a,0,17,336.975,21.675,535.200,PASS,
Egg Carton,egg_carton,results/fig8_consecutive_28_c3plus/egg_carton/egg_carton_consecutive28.txt,4b12d8a,0,18,358.575,21.600,535.200,PASS,
Egg Carton,egg_carton,results/fig8_consecutive_28_c3plus/egg_carton/egg_carton_consecutive28.txt,4b12d8a,0,19,374.850,16.275,535.200,PASS,
Egg Carton,egg_carton,results/fig8_consecutive_28_c3plus/egg_carton/egg_carton_consecutive28.txt,4b12d8a,0,20,390.750,15.900,535.200,PASS,
Egg Carton,egg_carton,results/fig8_consecutive_28_c3plus/egg_carton/egg_carton_consecutive28.txt,4b12d8a,0,21,413.850,23.100,535.200,PASS,
Egg Carton,egg_carton,results/fig8_consecutive_28_c3plus/egg_carton/egg_carton_consecutive28.txt,4b12d8a,0,22,431.475,17.625,535.200,PASS,
Egg Carton,egg_carton,results/fig8_consecutive_28_c3plus/egg_carton/egg_carton_consecutive28.txt,4b12d8a,0,23,447.900,16.425,535.200,PASS,
Egg Carton,egg_carton,results/fig8_consecutive_28_c3plus/egg_carton/egg_carton_consecutive28.txt,4b12d8a,0,24,472.125,24.225,535.200,PASS,
Egg Carton,egg_carton,results/fig8_consecutive_28_c3plus/egg_carton/egg_carton_consecutive28.txt,4b12d8a,0,25,489.975,17.850,535.200,PASS,
Egg Carton,egg_carton,results/fig8_consecutive_28_c3plus/egg_carton/egg_carton_consecutive28.txt,4b12d8a,0,26,507.000,17.025,535.200,PASS,
Egg Carton,egg_carton,results/fig8_consecutive_28_c3plus/egg_carton/egg_carton_consecutive28.txt,4b12d8a,0,27,523.725,16.725,535.200,PASS,
Egg Carton,egg_carton,results/fig8_consecutive_28_c3plus/egg_carton/egg_carton_consecutive28.txt,4b12d8a,0,28,535.200,11.475,535.200,PASS,
Book,book_block,results/fig8_consecutive_28_c3plus/book_block/book_block_consecutive28.txt,4b12d8a,0,1,10.350,10.350,74.100,FAIL,workspace_limit
Book,book_block,results/fig8_consecutive_28_c3plus/book_block/book_block_consecutive28.txt,4b12d8a,0,2,25.425,15.075,74.100,FAIL,workspace_limit
Book,book_block,results/fig8_consecutive_28_c3plus/book_block/book_block_consecutive28.txt,4b12d8a,0,3,40.875,15.450,74.100,FAIL,workspace_limit
Book,book_block,results/fig8_consecutive_28_c3plus/book_block/book_block_consecutive28.txt,4b12d8a,0,4,57.675,16.800,74.100,FAIL,workspace_limit
Book,book_block,results/fig8_consecutive_28_c3plus/book_block/book_block_consecutive28.txt,4b12d8a,0,5,74.100,16.425,74.100,FAIL,workspace_limit
Baby Toy,baby_toy_block,results/fig8_consecutive_28_c3plus/baby_toy_block/baby_toy_block_consecutive28.txt,4b12d8a,0,1,18.975,18.975,542.700,PASS,
Baby Toy,baby_toy_block,results/fig8_consecutive_28_c3plus/baby_toy_block/baby_toy_block_consecutive28.txt,4b12d8a,0,2,44.775,25.800,542.700,PASS,
Baby Toy,baby_toy_block,results/fig8_consecutive_28_c3plus/baby_toy_block/baby_toy_block_consecutive28.txt,4b12d8a,0,3,65.025,20.250,542.700,PASS,
Baby Toy,baby_toy_block,results/fig8_consecutive_28_c3plus/baby_toy_block/baby_toy_block_consecutive28.txt,4b12d8a,0,4,97.275,32.250,542.700,PASS,
Baby Toy,baby_toy_block,results/fig8_consecutive_28_c3plus/baby_toy_block/baby_toy_block_consecutive28.txt,4b12d8a,0,5,117.825,20.550,542.700,PASS,
Baby Toy,baby_toy_block,results/fig8_consecutive_28_c3plus/baby_toy_block/baby_toy_block_consecutive28.txt,4b12d8a,0,6,142.200,24.375,542.700,PASS,
Baby Toy,baby_toy_block,results/fig8_consecutive_28_c3plus/baby_toy_block/baby_toy_block_consecutive28.txt,4b12d8a,0,7,154.350,12.150,542.700,PASS,
Baby Toy,baby_toy_block,results/fig8_consecutive_28_c3plus/baby_toy_block/baby_toy_block_consecutive28.txt,4b12d8a,0,8,170.550,16.200,542.700,PASS,
Baby Toy,baby_toy_block,results/fig8_consecutive_28_c3plus/baby_toy_block/baby_toy_block_consecutive28.txt,4b12d8a,0,9,201.075,30.525,542.700,PASS,
Baby Toy,baby_toy_block,results/fig8_consecutive_28_c3plus/baby_toy_block/baby_toy_block_consecutive28.txt,4b12d8a,0,10,227.400,26.325,542.700,PASS,
Baby Toy,baby_toy_block,results/fig8_consecutive_28_c3plus/baby_toy_block/baby_toy_block_consecutive28.txt,4b12d8a,0,11,246.225,18.825,542.700,PASS,
Baby Toy,baby_toy_block,results/fig8_consecutive_28_c3plus/baby_toy_block/baby_toy_block_consecutive28.txt,4b12d8a,0,12,255.000,8.775,542.700,PASS,
Baby Toy,baby_toy_block,results/fig8_consecutive_28_c3plus/baby_toy_block/baby_toy_block_consecutive28.txt,4b12d8a,0,13,276.525,21.525,542.700,PASS,
Baby Toy,baby_toy_block,results/fig8_consecutive_28_c3plus/baby_toy_block/baby_toy_block_consecutive28.txt,4b12d8a,0,14,282.900,6.375,542.700,PASS,
Baby Toy,baby_toy_block,results/fig8_consecutive_28_c3plus/baby_toy_block/baby_toy_block_consecutive28.txt,4b12d8a,0,15,298.425,15.525,542.700,PASS,
Baby Toy,baby_toy_block,results/fig8_consecutive_28_c3plus/baby_toy_block/baby_toy_block_consecutive28.txt,4b12d8a,0,16,315.225,16.800,542.700,PASS,
Baby Toy,baby_toy_block,results/fig8_consecutive_28_c3plus/baby_toy_block/baby_toy_block_consecutive28.txt,4b12d8a,0,17,352.200,36.975,542.700,PASS,
Baby Toy,baby_toy_block,results/fig8_consecutive_28_c3plus/baby_toy_block/baby_toy_block_consecutive28.txt,4b12d8a,0,18,378.525,26.325,542.700,PASS,
Baby Toy,baby_toy_block,results/fig8_consecutive_28_c3plus/baby_toy_block/baby_toy_block_consecutive28.txt,4b12d8a,0,19,398.250,19.725,542.700,PASS,
Baby Toy,baby_toy_block,results/fig8_consecutive_28_c3plus/baby_toy_block/baby_toy_block_consecutive28.txt,4b12d8a,0,20,412.125,13.875,542.700,PASS,
Baby Toy,baby_toy_block,results/fig8_consecutive_28_c3plus/baby_toy_block/baby_toy_block_consecutive28.txt,4b12d8a,0,21,428.850,16.725,542.700,PASS,
Baby Toy,baby_toy_block,results/fig8_consecutive_28_c3plus/baby_toy_block/baby_toy_block_consecutive28.txt,4b12d8a,0,22,439.275,10.425,542.700,PASS,
Baby Toy,baby_toy_block,results/fig8_consecutive_28_c3plus/baby_toy_block/baby_toy_block_consecutive28.txt,4b12d8a,0,23,454.050,14.775,542.700,PASS,
Baby Toy,baby_toy_block,results/fig8_consecutive_28_c3plus/baby_toy_block/baby_toy_block_consecutive28.txt,4b12d8a,0,24,464.550,10.500,542.700,PASS,
Baby Toy,baby_toy_block,results/fig8_consecutive_28_c3plus/baby_toy_block/baby_toy_block_consecutive28.txt,4b12d8a,0,25,479.025,14.475,542.700,PASS,
Baby Toy,baby_toy_block,results/fig8_consecutive_28_c3plus/baby_toy_block/baby_toy_block_consecutive28.txt,4b12d8a,0,26,507.750,28.725,542.700,PASS,
Baby Toy,baby_toy_block,results/fig8_consecutive_28_c3plus/baby_toy_block/baby_toy_block_consecutive28.txt,4b12d8a,0,27,520.125,12.375,542.700,PASS,
Baby Toy,baby_toy_block,results/fig8_consecutive_28_c3plus/baby_toy_block/baby_toy_block_consecutive28.txt,4b12d8a,0,28,542.700,22.575,542.700,PASS,
Xbox,xbox,results/fig8_consecutive_28_c3plus/xbox/xbox_consecutive28.txt,4b12d8a,0,1,9.300,9.300,521.775,PASS,
Xbox,xbox,results/fig8_consecutive_28_c3plus/xbox/xbox_consecutive28.txt,4b12d8a,0,2,19.650,10.350,521.775,PASS,
Xbox,xbox,results/fig8_consecutive_28_c3plus/xbox/xbox_consecutive28.txt,4b12d8a,0,3,51.900,32.250,521.775,PASS,
Xbox,xbox,results/fig8_consecutive_28_c3plus/xbox/xbox_consecutive28.txt,4b12d8a,0,4,66.600,14.700,521.775,PASS,
Xbox,xbox,results/fig8_consecutive_28_c3plus/xbox/xbox_consecutive28.txt,4b12d8a,0,5,76.950,10.350,521.775,PASS,
Xbox,xbox,results/fig8_consecutive_28_c3plus/xbox/xbox_consecutive28.txt,4b12d8a,0,6,83.025,6.075,521.775,PASS,
Xbox,xbox,results/fig8_consecutive_28_c3plus/xbox/xbox_consecutive28.txt,4b12d8a,0,7,101.700,18.675,521.775,PASS,
Xbox,xbox,results/fig8_consecutive_28_c3plus/xbox/xbox_consecutive28.txt,4b12d8a,0,8,117.900,16.200,521.775,PASS,
Xbox,xbox,results/fig8_consecutive_28_c3plus/xbox/xbox_consecutive28.txt,4b12d8a,0,9,130.275,12.375,521.775,PASS,
Xbox,xbox,results/fig8_consecutive_28_c3plus/xbox/xbox_consecutive28.txt,4b12d8a,0,10,148.650,18.375,521.775,PASS,
Xbox,xbox,results/fig8_consecutive_28_c3plus/xbox/xbox_consecutive28.txt,4b12d8a,0,11,164.175,15.525,521.775,PASS,
Xbox,xbox,results/fig8_consecutive_28_c3plus/xbox/xbox_consecutive28.txt,4b12d8a,0,12,193.350,29.175,521.775,PASS,
Xbox,xbox,results/fig8_consecutive_28_c3plus/xbox/xbox_consecutive28.txt,4b12d8a,0,13,221.775,28.425,521.775,PASS,
Xbox,xbox,results/fig8_consecutive_28_c3plus/xbox/xbox_consecutive28.txt,4b12d8a,0,14,231.225,9.450,521.775,PASS,
Xbox,xbox,results/fig8_consecutive_28_c3plus/xbox/xbox_consecutive28.txt,4b12d8a,0,15,241.050,9.825,521.775,PASS,
Xbox,xbox,results/fig8_consecutive_28_c3plus/xbox/xbox_consecutive28.txt,4b12d8a,0,16,255.900,14.850,521.775,PASS,
Xbox,xbox,results/fig8_consecutive_28_c3plus/xbox/xbox_consecutive28.txt,4b12d8a,0,17,278.775,22.875,521.775,PASS,
Xbox,xbox,results/fig8_consecutive_28_c3plus/xbox/xbox_consecutive28.txt,4b12d8a,0,18,298.875,20.100,521.775,PASS,
Xbox,xbox,results/fig8_consecutive_28_c3plus/xbox/xbox_consecutive28.txt,4b12d8a,0,19,308.775,9.900,521.775,PASS,
Xbox,xbox,results/fig8_consecutive_28_c3plus/xbox/xbox_consecutive28.txt,4b12d8a,0,20,322.350,13.575,521.775,PASS,
Xbox,xbox,results/fig8_consecutive_28_c3plus/xbox/xbox_consecutive28.txt,4b12d8a,0,21,334.875,12.525,521.775,PASS,
Xbox,xbox,results/fig8_consecutive_28_c3plus/xbox/xbox_consecutive28.txt,4b12d8a,0,22,380.025,45.150,521.775,PASS,
Xbox,xbox,results/fig8_consecutive_28_c3plus/xbox/xbox_consecutive28.txt,4b12d8a,0,23,380.850,0.825,521.775,PASS,
Xbox,xbox,results/fig8_consecutive_28_c3plus/xbox/xbox_consecutive28.txt,4b12d8a,0,24,415.950,35.100,521.775,PASS,
Xbox,xbox,results/fig8_consecutive_28_c3plus/xbox/xbox_consecutive28.txt,4b12d8a,0,25,431.100,15.150,521.775,PASS,
Xbox,xbox,results/fig8_consecutive_28_c3plus/xbox/xbox_consecutive28.txt,4b12d8a,0,26,481.125,50.025,521.775,PASS,
Xbox,xbox,results/fig8_consecutive_28_c3plus/xbox/xbox_consecutive28.txt,4b12d8a,0,27,506.100,24.975,521.775,PASS,
Xbox,xbox,results/fig8_consecutive_28_c3plus/xbox/xbox_consecutive28.txt,4b12d8a,0,28,521.775,15.675,521.775,PASS,
Push T,push_t,results/fig8_consecutive_28_c3plus/push_t/push_t_consecutive28.txt,4b12d8a,0,1,211.500,211.500,953.100,FAIL,goal_timeout
Push T,push_t,results/fig8_consecutive_28_c3plus/push_t/push_t_consecutive28.txt,4b12d8a,0,2,650.700,439.200,953.100,FAIL,goal_timeout
Push T,push_t,results/fig8_consecutive_28_c3plus/push_t/push_t_consecutive28.txt,4b12d8a,0,3,746.625,95.925,953.100,FAIL,goal_timeout
Push T,push_t,results/fig8_consecutive_28_c3plus/push_t/push_t_consecutive28.txt,4b12d8a,0,4,953.100,206.475,953.100,FAIL,goal_timeout
