step,sim_t,mode,switch_reason,attribution,ee_x,ee_y,ee_z,obj_x,obj_y,contact_active,n_x,n_y,n_z,contact_distance,ee_to_box,lambda_n_max,u_arm_norm,curr_cost,best_other_cost,cost_ratio,g_hat_x,g_hat_y,normal_dot_g_hat
1195,11.95,c3,kStayInC3,planned_productive,0.073,-0.009,0.069,-0.004,-0.005,True,0.98,-0.201,0.0,5e-05,0.081,8.678,23.31,216006.94,24495.2,0.11340006020176945,-1.0,0.018,-0.983618
1196,11.96,,,no_contact_free,0.073,-0.009,0.069,-0.004,-0.005,True,0.979,-0.202,0.0,-0.0,,,,,,,-1.0,0.018,-0.982636
1197,11.97,,,no_contact_free,0.073,-0.009,0.069,-0.004,-0.005,True,0.979,-0.204,0.001,-1e-05,,,,,,,-1.0,0.018,-0.982672
1198,11.98,,,no_contact_free,0.073,-0.009,0.069,-0.004,-0.005,True,0.978,-0.206,0.0,7e-05,,,,,,,-1.0,0.018,-0.981708
1199,11.99,c3,kStayInC3,planned_productive,0.073,-0.009,0.069,-0.004,-0.005,True,0.978,-0.207,0.001,-0.0,0.086,2.825,30.05,219440.07,24115.82,0.10989706665696926,-1.0,0.019,-0.981933
1200,12.0,c3,kStayInC3,planned_productive,0.073,-0.009,0.069,-0.004,-0.005,True,0.978,-0.209,-0.0,3e-05,0.088,8.736,24.75,260495.36,53619.0,0.20583476035811157,-1.0,0.019,-0.9819709999999999
1201,12.01,c3,kStayInC3,planned_productive,0.073,-0.009,0.069,-0.004,-0.006,True,0.978,-0.209,0.0,3e-05,0.09,8.59,26.02,222711.11,24106.29,0.10824017715146766,-1.0,0.019,-0.9819709999999999
1202,12.02,c3,kStayInC3,planned_productive,0.073,-0.009,0.069,-0.004,-0.006,True,0.978,-0.21,0.0,4e-05,0.092,6.298,23.17,224237.15,23837.23,0.10630366110165064,-1.0,0.019,-0.98199
1203,12.03,,,no_contact_free,0.073,-0.009,0.069,-0.004,-0.006,True,0.952,-0.306,0.0,0.00019,,,,,,,-1.0,0.019,-0.9578139999999999
1204,12.04,,,no_contact_free,0.073,-0.009,0.069,-0.004,-0.006,True,0.904,-0.428,0.0,0.00077,,,,,,,-1.0,0.019,-0.912132
1205,12.05,c3,kStayInC3,planned_productive,0.073,-0.009,0.069,-0.004,-0.006,True,0.849,-0.529,-0.0,0.00167,0.098,2.583,27.52,226887.43,24147.64,0.10643004771132539,-1.0,0.019,-0.859051
1206,12.06,c3,kStayInC3,planned_unproductive,0.073,-0.009,0.069,-0.004,-0.005,True,0.0,0.0,0.0,1.0,0.1,2.933,25.89,337508.26,53576.48,0.158741240881038,-1.0,0.019,0.0
1207,12.07,c3,kStayInC3,planned_unproductive,0.073,-0.009,0.069,-0.004,-0.006,True,0.0,0.0,0.0,1.0,0.102,2.676,26.23,317126.64,44774.75,0.14118886385577697,-1.0,0.019,0.0
1208,12.08,c3,kStayInC3,planned_unproductive,0.073,-0.009,0.069,-0.004,-0.006,True,0.0,0.0,0.0,1.0,0.104,2.675,25.66,405342.41,26800.93,0.06611923484641048,-1.0,0.019,0.0
1209,12.09,c3,kStayInC3,planned_unproductive,0.073,-0.009,0.069,-0.004,-0.005,True,0.0,0.0,0.0,1.0,0.106,2.676,25.25,405810.97,27097.18,0.06677291153563444,-1.0,0.019,0.0
1210,12.1,c3,kStayInC3,planned_unproductive,0.073,-0.009,0.069,-0.004,-0.006,True,0.0,0.0,0.0,1.0,0.108,3.068,25.23,406171.12,26741.74,0.06583860516720146,-1.0,0.019,0.0
1211,12.11,c3,kStayInC3,planned_unproductive,0.073,-0.009,0.069,-0.004,-0.006,True,0.0,0.0,0.0,1.0,0.111,3.068,24.63,417908.8,24508.07,0.058644541584192536,-1.0,0.019,0.0
1212,12.12,c3,kStayInC3,planned_unproductive,0.073,-0.009,0.069,-0.004,-0.006,True,0.0,0.0,0.0,1.0,0.113,3.068,24.48,418081.22,24548.49,0.058717035890777404,-1.0,0.019,0.0
1213,12.13,c3,kStayInC3,planned_unproductive,0.073,-0.009,0.069,-0.004,-0.005,True,0.0,0.0,0.0,1.0,0.115,2.676,23.94,418048.26,24580.71,0.05879873773425106,-1.0,0.019,0.0
1214,12.14,c3,kStayInC3,planned_unproductive,0.073,-0.009,0.069,-0.004,-0.006,True,0.0,0.0,0.0,1.0,0.118,2.935,23.96,406681.68,27152.47,0.0667659039866266,-1.0,0.019,0.0
1215,12.15,c3,kStayInC3,planned_unproductive,0.073,-0.009,0.069,-0.004,-0.006,True,0.0,0.0,0.0,1.0,0.12,2.583,23.35,318803.53,45109.37,0.14149582973563687,-1.0,0.019,0.0
1216,12.16,c3,kStayInC3,planned_unproductive,0.073,-0.009,0.069,-0.004,-0.006,True,0.0,0.0,0.0,1.0,0.122,2.938,23.33,339291.34,53974.15,0.159079067564766,-1.0,0.019,0.0
1217,12.17,c3,kStayInC3,planned_unproductive,0.073,-0.009,0.069,-0.004,-0.006,True,0.0,0.0,0.0,1.0,0.125,2.583,22.67,320194.92,45384.12,0.14173903820835135,-1.0,0.019,0.0
1218,12.18,c3,kStayInC3,planned_unproductive,0.073,-0.009,0.069,-0.004,-0.006,True,0.0,0.0,0.0,1.0,0.127,3.063,22.81,339996.12,54139.8,0.1592365230520866,-1.0,0.019,0.0
1219,12.19,c3,kStayInC3,planned_unproductive,0.073,-0.009,0.069,-0.004,-0.006,True,0.0,0.0,0.0,1.0,0.129,2.674,22.03,419058.28,24769.21,0.05910683831375435,-1.0,0.019,0.0
1220,12.2,c3,kStayInC3,planned_unproductive,0.073,-0.009,0.069,-0.004,-0.006,True,0.0,0.0,0.0,1.0,0.131,2.695,22.02,406996.86,27682.96,0.06801762549224581,-1.0,0.019,0.0
1221,12.21,c3,kStayInC3,planned_unproductive,0.073,-0.009,0.069,-0.004,-0.006,True,0.0,0.0,0.0,1.0,0.134,3.102,21.76,407381.26,27588.09,0.06772056721509477,-1.0,0.019,0.0
1222,12.22,c3,kStayInC3,planned_unproductive,0.073,-0.009,0.069,-0.004,-0.006,True,0.0,0.0,0.0,1.0,0.136,3.035,21.34,421123.59,24976.37,0.0593088836462474,-1.0,0.019,0.0
1223,12.23,c3,kStayInC3,planned_unproductive,0.073,-0.009,0.069,-0.004,-0.005,True,0.0,0.0,0.0,1.0,0.138,2.675,20.97,420774.3,24894.32,0.0591631190403026,-1.0,0.019,0.0
1224,12.24,c3,kStayInC3,planned_unproductive,0.073,-0.009,0.069,-0.004,-0.006,True,0.0,0.0,0.0,1.0,0.14,3.02,20.9,406970.52,28140.71,0.06914680208286339,-1.0,0.019,0.0
1225,12.25,c3,kStayInC3,planned_unproductive,0.073,-0.009,0.069,-0.004,-0.006,True,0.0,0.0,0.0,1.0,0.142,2.585,20.45,422585.85,25152.54,0.0595205447603132,-1.0,0.019,0.0
1226,12.26,c3,kStayInC3,planned_unproductive,0.073,-0.009,0.069,-0.004,-0.006,True,0.0,0.0,0.0,1.0,0.145,2.878,19.97,343003.25,54650.54,0.15932951072621032,-1.0,0.019,0.0
1227,12.27,c3,kStayInC3,planned_unproductive,0.073,-0.009,0.069,-0.004,-0.006,True,0.0,0.0,0.0,1.0,0.147,2.895,19.95,320829.29,45940.2,0.14319203835784444,-1.0,0.019,0.0
1228,12.28,c3,kStayInC3,planned_unproductive,0.073,-0.009,0.069,-0.004,-0.006,True,0.0,0.0,0.0,1.0,0.149,2.895,19.56,320997.18,46035.13,0.14341287982654552,-1.0,0.019,0.0
1229,12.29,c3,kStayInC3,planned_unproductive,0.073,-0.009,0.069,-0.004,-0.006,True,0.0,0.0,0.0,1.0,0.151,2.675,19.19,321379.42,46126.08,0.14352530725209475,-1.0,0.019,0.0
1230,12.3,c3,kStayInC3,planned_unproductive,0.073,-0.009,0.069,-0.004,-0.006,True,0.0,0.0,0.0,1.0,0.153,2.674,19.07,405353.4,28324.11,0.06987510157803042,-1.0,0.019,0.0
1231,12.31,c3,kStayInC3,planned_unproductive,0.073,-0.009,0.069,-0.004,-0.006,True,0.0,0.0,0.0,1.0,0.155,2.585,18.81,406219.17,28767.37,0.0708173619674325,-1.0,0.019,0.0
1232,12.32,c3,kStayInC3,planned_unproductive,0.073,-0.009,0.069,-0.004,-0.006,True,0.0,0.0,0.0,1.0,0.157,2.586,18.39,340733.63,55206.61,0.16202278008190737,-1.0,0.019,0.0
1233,12.33,c3,kStayInC3,planned_unproductive,0.073,-0.009,0.069,-0.004,-0.006,True,0.0,0.0,0.0,1.0,0.159,3.021,18.28,341659.55,55355.04,0.16201812593852566,-1.0,0.019,0.0
1234,12.34,c3,kStayInC3,planned_unproductive,0.073,-0.009,0.069,-0.004,-0.006,True,0.0,0.0,0.0,1.0,0.16,2.586,17.85,420775.29,25804.58,0.06132627227230954,-1.0,0.019,0.0
1235,12.35,c3,kStayInC3,planned_unproductive,0.073,-0.009,0.069,-0.004,-0.006,True,0.0,0.0,0.0,1.0,0.162,2.585,17.58,341749.62,55504.98,0.16241416742467776,-1.0,0.019,0.0
1236,12.36,c3,kStayInC3,planned_unproductive,0.073,-0.009,0.069,-0.004,-0.006,True,0.0,0.0,0.0,1.0,0.164,2.585,17.39,341530.46,55609.01,0.16282298802865197,-1.0,0.019,0.0
1237,12.37,c3,kStayInC3,planned_unproductive,0.073,-0.009,0.069,-0.004,-0.006,True,0.0,0.0,0.0,1.0,0.166,3.046,17.13,341607.87,55699.54,0.16305110300883877,-1.0,0.019,0.0
1238,12.38,c3,kStayInC3,planned_unproductive,0.073,-0.009,0.069,-0.004,-0.006,True,0.0,0.0,0.0,1.0,0.168,2.676,16.73,419889.35,26418.3,0.06291728999556669,-1.0,0.019,0.0
1239,12.39,c3,kStayInC3,planned_unproductive,0.073,-0.009,0.069,-0.004,-0.006,True,0.0,0.0,0.0,1.0,0.17,2.981,16.5,408247.55,29325.71,0.07183315613284146,-1.0,0.019,0.0
1240,12.4,c3,kStayInC3,planned_unproductive,0.073,-0.009,0.069,-0.004,-0.006,True,0.0,0.0,0.0,1.0,0.171,2.586,16.33,320642.73,44586.9,0.13905476665571057,-1.0,0.019,0.0
1241,12.41,c3,kStayInC3,planned_unproductive,0.073,-0.009,0.069,-0.004,-0.006,True,0.0,0.0,0.0,1.0,0.173,2.588,15.94,342638.31,56101.37,0.16373350078687932,-1.0,0.019,0.0
1242,12.42,c3,kStayInC3,planned_unproductive,0.073,-0.009,0.069,-0.004,-0.006,True,0.0,0.0,0.0,1.0,0.175,3.033,15.85,343993.63,56306.01,0.16368329262376166,-1.0,0.019,0.0
1243,12.43,c3,kStayInC3,planned_unproductive,0.073,-0.009,0.069,-0.004,-0.006,True,0.0,0.0,0.0,1.0,0.176,2.733,15.29,422407.49,26673.68,0.06314679694718482,-1.0,0.019,0.0
1244,12.44,c3,kStayInC3,planned_unproductive,0.073,-0.009,0.069,-0.004,-0.006,True,0.0,0.0,0.0,1.0,0.178,2.694,15.25,409260.96,23052.27,0.05632657950076645,-1.0,0.019,0.0
1245,12.45,c3,kStayInC3,planned_unproductive,0.073,-0.009,0.069,-0.004,-0.006,True,0.0,0.0,0.0,1.0,0.179,3.035,15.09,408678.41,22843.61,0.05589629753135235,-1.0,0.019,0.0
1246,12.46,c3,kStayInC3,planned_unproductive,0.073,-0.009,0.069,-0.004,-0.006,True,0.0,0.0,0.0,1.0,0.181,2.586,14.66,422742.21,31030.41,0.07340267724862393,-1.0,0.019,0.0
1247,12.47,c3,kStayInC3,planned_unproductive,0.073,-0.009,0.069,-0.004,-0.006,True,0.0,0.0,0.0,1.0,0.182,2.587,14.49,343571.46,57305.73,0.1667942092745422,-1.0,0.019,0.0
1248,12.48,c3,kStayInC3,planned_unproductive,0.073,-0.009,0.069,-0.004,-0.006,True,0.0,0.0,0.0,1.0,0.184,2.816,13.91,344060.05,57398.12,0.1668258782151546,-1.0,0.019,0.0
1249,12.49,c3,kStayInC3,planned_unproductive,0.073,-0.009,0.069,-0.004,-0.006,True,0.0,0.0,0.0,1.0,0.185,2.813,13.83,321725.2,45109.45,0.1402111180597603,-1.0,0.019,0.0
1250,12.5,c3,kStayInC3,planned_unproductive,0.073,-0.009,0.069,-0.004,-0.006,True,0.0,0.0,0.0,1.0,0.187,3.024,13.91,320787.9,45273.4,0.14113188184467057,-1.0,0.019,0.0
1251,12.51,c3,kStayInC3,planned_unproductive,0.073,-0.009,0.069,-0.004,-0.005,True,0.0,0.0,0.0,1.0,0.188,2.676,13.32,424158.24,31388.35,0.07400150943666685,-1.0,0.019,0.0
1252,12.52,c3,kStayInC3,planned_unproductive,0.073,-0.009,0.069,-0.004,-0.006,True,0.0,0.0,0.0,1.0,0.189,2.584,13.25,408552.46,23418.02,0.05731949331549735,-1.0,0.019,0.0
1253,12.53,c3,kStayInC3,planned_unproductive,0.073,-0.009,0.069,-0.004,-0.006,True,0.0,0.0,0.0,1.0,0.191,2.583,13.08,343829.44,57488.13,0.1671995568500475,-1.0,0.019,0.0
1254,12.54,c3,kStayInC3,planned_unproductive,0.073,-0.009,0.069,-0.004,-0.006,True,0.0,0.0,0.0,1.0,0.192,2.585,12.73,343100.16,57535.7,0.16769359711170057,-1.0,0.019,0.0
1255,12.55,c3,kStayInC3,planned_unproductive,0.073,-0.009,0.069,-0.004,-0.006,True,0.0,0.0,0.0,1.0,0.193,2.935,12.79,344726.71,57629.93,0.16717570274725738,-1.0,0.019,0.0
1256,12.56,c3,kStayInC3,planned_unproductive,0.073,-0.009,0.069,-0.004,-0.006,True,0.0,0.0,0.0,1.0,0.194,3.063,12.41,322987.81,45511.11,0.1409065871557196,-1.0,0.019,0.0
1257,12.57,c3,kStayInC3,planned_unproductive,0.073,-0.009,0.069,-0.004,-0.005,True,0.0,0.0,0.0,1.0,0.195,2.677,12.29,421948.48,31783.4,0.0753253098577343,-1.0,0.019,0.0
1258,12.58,c3,kStayInC3,planned_unproductive,0.073,-0.009,0.069,-0.004,-0.006,True,0.0,0.0,0.0,1.0,0.197,2.587,11.92,411096.74,22890.1,0.05568056803369445,-1.0,0.019,0.0
1259,12.59,c3,kStayInC3,planned_unproductive,0.073,-0.009,0.069,-0.004,-0.006,True,0.0,0.0,0.0,1.0,0.198,3.025,11.86,345272.59,58007.48,0.16800487985449408,-1.0,0.019,0.0
1260,12.6,c3,kStayInC3,planned_unproductive,0.073,-0.009,0.069,-0.004,-0.006,True,0.0,0.0,0.0,1.0,0.199,3.034,11.63,424742.01,31704.85,0.07464495918357593,-1.0,0.019,0.0
1261,12.61,c3,kStayInC3,planned_unproductive,0.073,-0.009,0.069,-0.004,-0.005,True,0.0,0.0,0.0,1.0,0.2,2.672,11.14,423455.61,31641.7,0.0747225901671252,-1.0,0.019,0.0
1262,12.62,c3,kStayInC3,planned_unproductive,0.073,-0.009,0.069,-0.004,-0.006,True,0.0,0.0,0.0,1.0,0.201,3.048,11.37,409296.24,23795.66,0.058137988269816504,-1.0,0.019,0.0
1263,12.63,c3,kStayInC3,planned_unproductive,0.073,-0.009,0.069,-0.004,-0.006,True,0.0,0.0,0.0,1.0,0.202,2.584,10.79,423335.86,31808.48,0.07513769327266535,-1.0,0.019,0.0
1264,12.64,c3,kStayInC3,planned_unproductive,0.073,-0.009,0.069,-0.004,-0.006,True,0.0,0.0,0.0,1.0,0.203,3.07,10.94,344267.78,57866.34,0.16808526200157328,-1.0,0.019,0.0
1265,12.65,c3,kStayInC3,planned_unproductive,0.073,-0.009,0.069,-0.004,-0.006,True,0.0,0.0,0.0,1.0,0.204,3.068,10.64,421981.73,31744.77,0.07522783036128129,-1.0,0.019,0.0
1266,12.66,c3,kStayInC3,planned_unproductive,0.073,-0.009,0.069,-0.004,-0.006,True,0.0,0.0,0.0,1.0,0.205,2.676,10.36,422345.65,31701.95,0.07506162310420386,-1.0,0.019,0.0
1267,12.67,c3,kStayInC3,planned_unproductive,0.073,-0.009,0.069,-0.004,-0.006,True,0.0,0.0,0.0,1.0,0.206,2.586,10.13,411155.74,23219.48,0.05647368561606363,-1.0,0.019,0.0
1268,12.68,c3,kStayInC3,planned_unproductive,0.073,-0.009,0.069,-0.004,-0.006,True,0.0,0.0,0.0,1.0,0.207,2.587,10.06,344922.34,57929.1,0.16794824017487528,-1.0,0.019,0.0
1269,12.69,c3,kStayInC3,planned_unproductive,0.073,-0.009,0.069,-0.004,-0.006,True,0.0,0.0,0.0,1.0,0.208,2.811,9.62,346437.06,58098.86,0.16770394021932875,-1.0,0.019,0.0
1270,12.7,c3,kStayInC3,planned_unproductive,0.073,-0.009,0.069,-0.004,-0.006,True,0.0,0.0,0.0,1.0,0.209,2.674,22.52,321790.52,42290.21,0.13142155337578,-1.0,0.019,0.0
1271,12.71,free,kToReposCost,no_contact_free,0.055,-0.206,0.148,-0.004,-0.006,False,,,,,0.21,3.075,24.51,410010.27,14947.69,0.03645686728773891,-1.0,0.019,
1272,12.72,free,kStayInRepos,no_contact_free,0.055,-0.207,0.149,-0.004,-0.006,False,,,,,0.21,2.584,22.69,422134.61,28815.85,0.06826223038191538,-1.0,0.019,
1273,12.73,free,kStayInRepos,no_contact_free,0.056,-0.207,0.151,-0.004,-0.006,False,,,,,0.21,2.93,25.19,344344.1,55708.36,0.1617810788684923,-1.0,0.019,
1274,12.74,free,kToBetterRepos,no_contact_free,0.056,-0.207,0.152,-0.004,-0.006,False,,,,,0.21,2.677,24.51,323319.11,45493.53,0.1407078288691318,-1.0,0.019,
1275,12.75,free,kToBetterRepos,no_contact_free,0.056,-0.207,0.154,-0.004,-0.006,False,,,,,0.21,3.062,27.04,411780.34,26438.1,0.06420437653725769,-1.0,0.019,
1276,12.76,free,kStayInRepos,no_contact_free,0.056,-0.206,0.157,-0.004,-0.006,False,,,,,0.209,3.034,28.82,422894.9,26621.18,0.06294987241510834,-1.0,0.019,
1277,12.77,free,kStayInRepos,no_contact_free,0.056,-0.206,0.159,-0.004,-0.006,False,,,,,0.209,3.043,30.54,424667.21,26397.86,0.062161286245764065,-1.0,0.019,
1278,12.78,free,kStayInRepos,no_contact_free,0.056,-0.206,0.162,-0.004,-0.006,False,,,,,0.209,3.035,32.19,424226.71,26382.36,0.06218929496447784,-1.0,0.019,
1279,12.79,free,kStayInRepos,no_contact_free,0.056,-0.205,0.165,-0.004,-0.006,False,,,,,0.208,3.034,33.6,424622.24,26380.49,0.06212696254440182,-1.0,0.019,
1280,12.8,free,kStayInRepos,no_contact_free,0.056,-0.205,0.168,-0.004,-0.006,False,,,,,0.208,2.908,34.11,423736.46,26183.65,0.061792298920890595,-1.0,0.019,
