step,sim_t,dx_mm,dy_mm,d_mm,obj_prev_x,obj_prev_y,obj_curr_x,obj_curr_y,ee_x,ee_y,ee_z,ee_to_box_mm,p_repos_x,p_repos_y,p_repos_z,switch_reason,contact_active,n_x,n_y,n_z
46,0.46,-1.0000,2.0000,2.2361,-0.0,0.0,-0.001,0.002,-0.029,-0.07,0.114,77.00,-0.03,-0.069,0.05,kStayInRepos,False,,,
47,0.47,0.0000,2.0000,2.0000,-0.001,0.002,-0.001,0.004,-0.029,-0.069,0.11,78.00,-0.03,-0.069,0.05,kStayInRepos,False,,,
48,0.48,0.0000,1.0000,1.0000,-0.001,0.004,-0.001,0.005,-0.029,-0.069,0.107,79.00,-0.03,-0.069,0.05,kToBetterRepos,False,,,
50,0.5,0.0000,1.0000,1.0000,-0.001,0.005,-0.001,0.006,-0.03,-0.069,0.099,80.00,-0.03,-0.069,0.05,kStayInRepos,False,,,
51,0.51,0.0000,-1.0000,1.0000,-0.001,0.006,-0.001,0.005,-0.03,-0.069,0.095,80.00,-0.03,-0.069,0.05,kStayInRepos,False,,,
53,0.53,0.0000,-1.0000,1.0000,-0.001,0.005,-0.001,0.004,-0.03,-0.069,0.087,79.00,-0.03,-0.069,0.05,kStayInRepos,False,,,
55,0.55,-1.0000,1.0000,1.4142,-0.001,0.004,-0.002,0.005,-0.03,-0.07,0.079,80.00,-0.03,-0.069,0.05,kStayInRepos,False,,,
57,0.57,1.0000,0.0000,1.0000,-0.002,0.005,-0.001,0.005,-0.03,-0.07,0.073,80.00,-0.03,-0.069,0.05,kStayInRepos,False,,,
134,1.34,0.0000,1.0000,1.0000,-0.001,0.005,-0.001,0.006,-0.029,-0.066,0.113,77.00,-0.03,-0.064,0.05,kStayInRepos,False,,,
135,1.35,0.0000,1.0000,1.0000,-0.001,0.006,-0.001,0.007,-0.029,-0.066,0.109,78.00,-0.03,-0.064,0.05,kStayInRepos,False,,,
136,1.36,0.0000,1.0000,1.0000,-0.001,0.007,-0.001,0.008,-0.029,-0.066,0.105,79.00,-0.03,-0.064,0.05,kStayInRepos,False,,,
137,1.37,0.0000,1.0000,1.0000,-0.001,0.008,-0.001,0.009,-0.029,-0.066,0.102,80.00,-0.03,-0.064,0.05,kStayInRepos,False,,,
141,1.41,0.0000,-1.0000,1.0000,-0.001,0.009,-0.001,0.008,-0.029,-0.066,0.086,79.00,-0.03,-0.064,0.05,kStayInRepos,False,,,
142,1.42,0.0000,-1.0000,1.0000,-0.001,0.008,-0.001,0.007,-0.029,-0.066,0.082,78.00,-0.03,-0.064,0.05,kStayInRepos,False,,,
143,1.43,-1.0000,1.0000,1.4142,-0.001,0.007,-0.002,0.008,-0.029,-0.066,0.078,79.00,-0.03,-0.064,0.05,kToBetterRepos,False,,,
144,1.44,0.0000,1.0000,1.0000,-0.002,0.008,-0.002,0.009,-0.029,-0.066,0.075,79.00,-0.03,-0.064,0.05,kStayInRepos,False,,,
221,2.21,2.0000,0.0000,2.0000,-0.002,0.009,-0.0,0.009,-0.044,-0.054,0.121,77.00,-0.046,-0.052,0.05,kStayInRepos,False,,,
222,2.22,1.0000,0.0000,1.0000,-0.0,0.009,0.001,0.009,-0.045,-0.054,0.118,78.00,-0.046,-0.052,0.05,kToBetterRepos,False,,,
227,2.27,-1.0000,1.0000,1.4142,0.001,0.009,0.0,0.01,-0.051,-0.049,0.114,78.00,-0.046,-0.052,0.05,kStayInRepos,False,,,
235,2.35,2.0000,1.0000,2.2361,0.0,0.01,0.002,0.011,-0.061,-0.047,0.103,85.00,-0.046,-0.052,0.05,kStayInRepos,False,,,
236,2.36,1.0000,0.0000,1.0000,0.002,0.011,0.003,0.011,-0.061,-0.046,0.102,86.00,-0.046,-0.052,0.05,kToBetterRepos,False,,,
237,2.37,1.0000,0.0000,1.0000,0.003,0.011,0.004,0.011,-0.061,-0.046,0.101,86.00,-0.046,-0.052,0.05,kStayInRepos,False,,,
238,2.38,1.0000,0.0000,1.0000,0.004,0.011,0.005,0.011,-0.061,-0.046,0.099,87.00,-0.046,-0.052,0.05,kToBetterRepos,False,,,
239,2.39,1.0000,0.0000,1.0000,0.005,0.011,0.006,0.011,-0.061,-0.046,0.098,88.00,-0.046,-0.052,0.05,kStayInRepos,False,,,
240,2.4,1.0000,0.0000,1.0000,0.006,0.011,0.007,0.011,-0.061,-0.046,0.097,89.00,-0.046,-0.052,0.05,kToBetterRepos,False,,,
241,2.41,2.0000,0.0000,2.0000,0.007,0.011,0.009,0.011,-0.061,-0.047,0.096,90.00,-0.046,-0.052,0.05,kStayInRepos,False,,,
242,2.42,2.0000,0.0000,2.0000,0.009,0.011,0.011,0.011,-0.061,-0.047,0.093,92.00,-0.046,-0.052,0.05,kStayInRepos,False,,,
243,2.43,1.0000,0.0000,1.0000,0.011,0.011,0.012,0.011,-0.06,-0.048,0.09,93.00,-0.046,-0.052,0.05,kToBetterRepos,False,,,
244,2.44,1.0000,1.0000,1.4142,0.012,0.011,0.013,0.012,-0.059,-0.048,0.087,94.00,-0.046,-0.052,0.05,kStayInRepos,False,,,
246,2.46,1.0000,0.0000,1.0000,0.013,0.012,0.014,0.012,-0.059,-0.05,0.081,96.00,-0.046,-0.052,0.05,kStayInRepos,False,,,
248,2.48,0.0000,1.0000,1.0000,0.014,0.012,0.014,0.013,-0.057,-0.051,0.075,96.00,0.088,0.003,0.05,kStayInRepos,False,,,
249,2.49,1.0000,0.0000,1.0000,0.014,0.013,0.015,0.013,-0.056,-0.052,0.073,96.00,0.088,0.003,0.05,kToBetterRepos,False,,,
252,2.52,1.0000,0.0000,1.0000,0.015,0.013,0.016,0.013,-0.054,-0.052,0.072,95.00,0.088,0.003,0.05,kStayInRepos,False,,,
253,2.53,0.0000,1.0000,1.0000,0.016,0.013,0.016,0.014,-0.053,-0.053,0.073,95.00,0.088,0.003,0.05,kStayInRepos,False,,,
255,2.55,1.0000,0.0000,1.0000,0.016,0.014,0.017,0.014,-0.051,-0.053,0.076,94.00,0.088,0.003,0.05,kToBetterRepos,False,,,
260,2.6,-1.0000,0.0000,1.0000,0.017,0.014,0.016,0.014,-0.048,-0.053,0.088,92.00,0.088,0.003,0.05,kStayInRepos,False,,,
354,3.54,-1.0000,0.0000,1.0000,0.016,0.014,0.015,0.014,0.089,0.003,0.097,75.00,0.09,0.004,0.05,kStayInRepos,False,,,
506,5.06,1.0000,1.0000,1.4142,0.014,0.013,0.015,0.014,-0.018,-0.056,0.114,78.00,-0.019,-0.055,0.05,kToBetterRepos,False,,,
507,5.07,-1.0000,3.0000,3.1623,0.015,0.014,0.014,0.017,-0.019,-0.056,0.11,80.00,-0.019,-0.055,0.05,kStayInRepos,False,,,
511,5.11,0.0000,4.0000,4.0000,0.014,0.017,0.014,0.021,-0.019,-0.056,0.094,84.00,-0.019,-0.055,0.05,kStayInRepos,False,,,
514,5.14,0.0000,-2.0000,2.0000,0.014,0.021,0.014,0.019,-0.019,-0.056,0.085,82.00,-0.054,0.043,0.05,kStayInRepos,False,,,
515,5.15,0.0000,-1.0000,1.0000,0.014,0.019,0.014,0.018,-0.019,-0.056,0.085,80.00,-0.054,0.043,0.05,kStayInRepos,False,,,
516,5.16,0.0000,-1.0000,1.0000,0.014,0.018,0.014,0.017,-0.019,-0.055,0.085,79.00,-0.054,0.043,0.05,kStayInRepos,False,,,
517,5.17,0.0000,-1.0000,1.0000,0.014,0.017,0.014,0.016,-0.019,-0.055,0.087,78.00,-0.054,0.043,0.05,kStayInRepos,False,,,
521,5.21,1.0000,0.0000,1.0000,0.014,0.016,0.015,0.016,-0.019,-0.055,0.096,79.00,-0.051,-0.022,0.05,kStayInRepos,False,,,
522,5.22,0.0000,1.0000,1.0000,0.015,0.016,0.015,0.017,-0.019,-0.055,0.099,79.00,-0.051,-0.022,0.05,kStayInRepos,False,,,
523,5.23,0.0000,-1.0000,1.0000,0.015,0.017,0.015,0.016,-0.019,-0.055,0.103,79.00,-0.051,-0.022,0.05,kStayInRepos,False,,,
1029,10.29,-1.0000,0.0000,1.0000,0.009,0.011,0.008,0.011,0.082,0.019,0.117,75.00,0.083,0.021,0.05,kToBetterRepos,False,,,
1031,10.31,-3.0000,2.0000,3.6056,0.008,0.011,0.005,0.013,0.083,0.02,0.11,79.00,0.083,0.021,0.05,kStayInRepos,False,,,
1290,12.9,-2.0000,-2.0000,2.8284,0.002,0.012,0.0,0.01,0.076,0.01,0.11,76.00,0.077,0.012,0.05,kToBetterRepos,False,,,
1296,12.96,0.0000,1.0000,1.0000,0.0,0.01,0.0,0.011,0.077,0.011,0.089,77.00,0.077,0.012,0.05,kStayInRepos,False,,,
1497,14.97,-1.0000,1.0000,1.4142,0.0,0.011,-0.001,0.012,0.074,0.008,0.109,75.00,0.075,0.01,0.05,kStayInRepos,False,,,
