step,pr,dr,tol
-1,4.9328,80.5932,1e-03
1,3.8718,83.3044,1e-03
3,3.8718,83.3044,1e-03
6,3.8718,83.3044,1e-03
7,3.8743,83.4158,1e-03
8,3.8743,83.4158,1e-03
13,3.8743,83.4152,1e-03
14,3.8743,83.4152,1e-03
19,3.8743,83.4152,1e-03
20,3.8743,83.4152,1e-03
25,3.8743,83.4152,1e-03
26,3.8743,83.4152,1e-03
31,4.9359,80.3187,1e-03
32,4.9359,80.3187,1e-03
37,3.8743,83.4152,1e-03
38,3.8743,83.4152,1e-03
43,3.8743,83.4152,1e-03
44,3.8743,83.4152,1e-03
49,3.8743,83.4152,1e-03
50,3.8743,83.4152,1e-03
55,3.8743,83.4152,1e-03
56,3.8743,83.4152,1e-03
61,3.8743,83.4152,1e-03
62,3.8743,83.4152,1e-03
67,3.8743,83.4152,1e-03
68,3.8743,83.4152,1e-03
73,3.8743,83.4152,1e-03
74,3.8743,83.4152,1e-03
79,3.8743,83.4152,1e-03
80,3.8743,83.4152,1e-03
85,3.8743,83.4152,1e-03
86,3.8743,83.4152,1e-03
91,3.8743,83.4152,1e-03
92,3.8743,83.4152,1e-03
97,3.8743,83.4152,1e-03
98,3.8743,83.4152,1e-03
103,4.9359,80.3187,1e-03
104,4.9359,80.3187,1e-03
109,4.9359,80.3187,1e-03
110,4.9359,80.3187,1e-03
115,4.9359,80.3187,1e-03
116,4.9359,80.3187,1e-03
121,4.9359,80.3187,1e-03
122,4.9359,80.3187,1e-03
127,4.9359,80.3187,1e-03
128,4.9359,80.3187,1e-03
133,4.9359,80.3187,1e-03
134,4.9359,80.3187,1e-03
139,4.9359,80.3187,1e-03
140,4.9359,80.3187,1e-03
145,4.9359,80.3187,1e-03
146,4.9359,80.3187,1e-03
151,4.9359,80.3187,1e-03
152,4.9359,80.3187,1e-03
157,4.9359,80.3187,1e-03
158,4.9359,80.3187,1e-03
163,4.9359,80.3187,1e-03
164,4.9359,80.3187,1e-03
169,4.9359,80.3187,1e-03
170,4.9359,80.3187,1e-03
175,4.9359,80.3187,1e-03
176,4.9359,80.3187,1e-03
181,4.9359,80.3187,1e-03
182,4.9359,80.3187,1e-03
187,4.9359,80.3187,1e-03
188,4.9359,80.3187,1e-03
193,4.9359,80.3187,1e-03
194,4.9359,80.3187,1e-03
199,4.9359,80.3187,1e-03
200,4.9359,80.3187,1e-03
205,4.9359,80.3187,1e-03
206,4.9359,80.3187,1e-03
211,4.9359,80.3187,1e-03
212,4.9359,80.3187,1e-03
217,4.9359,80.3187,1e-03
218,4.9359,80.3187,1e-03
223,4.9359,80.3187,1e-03
224,4.9359,80.3187,1e-03
229,4.9359,80.3187,1e-03
230,4.9359,80.3187,1e-03
235,4.9359,80.3187,1e-03
236,4.9359,80.3187,1e-03
241,4.9359,80.3187,1e-03
242,4.9359,80.3187,1e-03
247,4.9359,80.3187,1e-03
248,4.9359,80.3187,1e-03
253,4.9359,80.3187,1e-03
254,4.9359,80.3187,1e-03
259,4.9359,80.3187,1e-03
260,4.9359,80.3187,1e-03
265,4.9359,80.3187,1e-03
266,4.9359,80.3187,1e-03
271,4.9359,80.3187,1e-03
272,4.9359,80.3187,1e-03
277,4.9359,80.3187,1e-03
278,4.9359,80.3187,1e-03
283,4.9359,80.3187,1e-03
284,4.9359,80.3187,1e-03
289,4.9359,80.3187,1e-03
290,4.9359,80.3187,1e-03
295,4.9359,80.3187,1e-03
296,4.9359,80.3187,1e-03
301,4.9359,80.3187,1e-03
302,4.9359,80.3187,1e-03
307,4.9359,80.3187,1e-03
308,4.9359,80.3187,1e-03
313,4.9359,80.3187,1e-03
314,4.9359,80.3187,1e-03
319,4.9359,80.3187,1e-03
320,4.9359,80.3187,1e-03
325,4.9359,80.3187,1e-03
326,4.9359,80.3187,1e-03
331,4.9359,80.3187,1e-03
332,4.9359,80.3187,1e-03
337,4.9359,80.3187,1e-03
338,4.9359,80.3187,1e-03
343,4.9359,80.3187,1e-03
344,4.9359,80.3187,1e-03
349,4.9359,80.3187,1e-03
350,4.9359,80.3187,1e-03
355,4.9359,80.3187,1e-03
356,4.9359,80.3187,1e-03
361,4.9359,80.3187,1e-03
362,4.9359,80.3187,1e-03
367,4.9359,80.3187,1e-03
368,4.9359,80.3187,1e-03
373,4.9359,80.3187,1e-03
374,4.9359,80.3187,1e-03
379,4.9359,80.3187,1e-03
381,4.9359,80.3187,1e-03
384,4.9359,80.3187,1e-03
387,4.9359,80.3187,1e-03
390,4.9359,80.3187,1e-03
393,4.9359,80.3187,1e-03
396,4.9359,80.3187,1e-03
399,4.9359,80.3186,1e-03
402,4.9359,80.3186,1e-03
405,4.9359,80.3186,1e-03
408,4.9359,80.3186,1e-03
411,4.9359,80.3186,1e-03
414,4.9359,80.3186,1e-03
417,4.9359,80.3186,1e-03
420,4.9359,80.3186,1e-03
423,4.9359,80.3186,1e-03
426,4.9359,80.3186,1e-03
429,4.9359,80.3186,1e-03
432,4.9359,80.3186,1e-03
435,4.9359,80.3186,1e-03
438,4.9359,80.3186,1e-03
441,4.9359,80.3186,1e-03
444,4.9359,80.3186,1e-03
447,4.9359,80.3186,1e-03
450,4.9359,80.3186,1e-03
453,4.9359,80.3186,1e-03
456,4.9359,80.3186,1e-03
459,4.9359,80.3186,1e-03
462,4.9359,80.3186,1e-03
465,4.9359,80.3186,1e-03
468,4.9359,80.3187,1e-03
471,4.9359,80.3182,1e-03
474,4.9359,80.3187,1e-03
477,4.9359,80.3186,1e-03
480,4.9359,80.3183,1e-03
483,4.9359,80.3183,1e-03
486,4.9359,80.3183,1e-03
489,4.9359,80.3184,1e-03
492,4.9359,80.3184,1e-03
495,4.9359,80.3184,1e-03
498,4.9359,80.3184,1e-03
501,4.9359,80.3181,1e-03
504,4.9359,80.3188,1e-03
507,4.9359,80.3184,1e-03
510,4.9359,80.3186,1e-03
513,4.9359,80.3187,1e-03
516,4.9359,80.3179,1e-03
519,4.9359,80.3185,1e-03
522,4.9359,80.3186,1e-03
525,4.9359,80.3188,1e-03
528,4.9359,80.3185,1e-03
531,4.9359,80.3186,1e-03
534,4.9359,80.3185,1e-03
537,4.9359,80.3186,1e-03
540,4.9359,80.3186,1e-03
543,4.9359,80.3186,1e-03
546,4.9359,80.3181,1e-03
549,4.9359,80.3185,1e-03
552,4.9359,80.3186,1e-03
555,4.9359,80.3183,1e-03
558,4.9359,80.3182,1e-03
561,4.9359,80.3186,1e-03
564,4.9359,80.3186,1e-03
567,4.9359,80.3186,1e-03
570,4.9359,80.3186,1e-03
571,4.9359,80.3186,1e-03
576,4.9359,80.3186,1e-03
577,4.9359,80.3186,1e-03
582,4.9359,80.3176,1e-03
583,4.9359,80.3186,1e-03
588,4.9359,80.3191,1e-03
589,4.9359,80.3186,1e-03
594,4.9359,80.3186,1e-03
595,4.9359,80.3186,1e-03
600,4.9359,80.3186,1e-03
601,4.9359,80.3186,1e-03
606,4.9359,80.3186,1e-03
607,4.9359,80.3186,1e-03
612,4.9359,80.3186,1e-03
613,4.9359,80.3186,1e-03
618,9.4826,375.8561,1e-03
619,10.6998,364.282,1e-03
624,9.6186,362.7564,1e-03
625,9.6713,357.7344,1e-03
630,4.9359,80.3182,1e-03
631,4.9359,80.3186,1e-03
636,4.9359,80.3186,1e-03
637,4.9359,80.3186,1e-03
642,4.9359,80.3186,1e-03
643,4.9359,80.3186,1e-03
648,4.9359,80.3186,1e-03
649,4.9359,80.3186,1e-03
654,4.9359,80.3186,1e-03
655,4.9359,80.3186,1e-03
660,4.9359,80.3186,1e-03
661,4.9359,80.3186,1e-03
666,4.9359,80.3181,1e-03
667,4.9359,80.3186,1e-03
672,7.7209,293.7437,1e-03
673,9.5122,324.6879,1e-03
678,8.0428,285.7124,1e-03
679,9.0133,275.6538,1e-03
684,4.9359,80.3185,1e-03
685,4.9359,80.3186,1e-03
690,4.9359,80.3186,1e-03
691,4.9359,80.3186,1e-03
696,4.9359,80.3182,1e-03
697,4.9359,80.3186,1e-03
702,4.9359,80.3186,1e-03
703,4.9359,80.3186,1e-03
708,4.9359,80.3186,1e-03
709,4.9359,80.3186,1e-03
714,4.9359,80.3186,1e-03
715,4.9359,80.3186,1e-03
720,4.9359,80.3186,1e-03
721,4.9359,80.3186,1e-03
726,4.9359,80.3186,1e-03
727,4.9359,80.3186,1e-03
732,11.688,365.3974,1e-03
733,9.394,328.2681,1e-03
738,11.7719,378.6156,1e-03
739,9.0782,314.5816,1e-03
744,4.9359,80.3185,1e-03
745,4.9359,80.3186,1e-03
750,4.9359,80.3186,1e-03
751,4.9359,80.3186,1e-03
756,4.9359,80.3186,1e-03
757,4.9359,80.3186,1e-03
762,4.9359,80.3186,1e-03
763,4.9359,80.3186,1e-03
768,4.9359,80.3186,1e-03
769,4.9359,80.3186,1e-03
774,4.9359,80.3186,1e-03
775,4.9359,80.3186,1e-03
780,4.9359,80.3186,1e-03
781,4.9359,80.3186,1e-03
786,4.9359,80.3186,1e-03
787,4.9359,80.3186,1e-03
792,8.8511,235.097,1e-03
793,9.1185,324.5439,1e-03
798,8.0722,261.2061,1e-03
799,9.0865,333.4762,1e-03
804,4.9359,80.3185,1e-03
805,4.9359,80.3186,1e-03
810,4.9359,80.3186,1e-03
811,4.9359,80.3186,1e-03
816,4.9359,80.3186,1e-03
817,4.9359,80.3186,1e-03
822,4.9359,80.3186,1e-03
823,4.9359,80.3186,1e-03
828,4.9359,80.3186,1e-03
829,4.9359,80.3186,1e-03
834,4.9359,80.3186,1e-03
835,4.9359,80.3186,1e-03
840,4.9359,80.3186,1e-03
841,4.9359,80.3186,1e-03
846,4.9359,80.3186,1e-03
847,4.9359,80.3186,1e-03
852,9.5287,331.1752,1e-03
853,9.3206,326.1981,1e-03
858,9.798,348.9135,1e-03
859,9.9708,334.9456,1e-03
864,4.9359,80.3182,1e-03
865,4.9359,80.3186,1e-03
870,4.9359,80.3186,1e-03
871,4.9359,80.3186,1e-03
876,4.9359,80.3186,1e-03
877,4.9359,80.3186,1e-03
882,4.9359,80.3186,1e-03
883,4.9359,80.3186,1e-03
888,4.9359,80.3186,1e-03
889,4.9359,80.3186,1e-03
894,4.9359,80.3186,1e-03
895,4.9359,80.3186,1e-03
900,4.9359,80.3186,1e-03
901,4.9359,80.3186,1e-03
906,9.5288,323.4891,1e-03
907,11.0461,401.1974,1e-03
912,13.0095,408.1131,1e-03
913,10.2329,393.8829,1e-03
918,4.9359,80.3186,1e-03
919,4.9359,80.3186,1e-03
924,4.9359,80.3186,1e-03
925,4.9359,80.3186,1e-03
930,4.9359,80.3186,1e-03
931,4.9359,80.3186,1e-03
936,4.9359,80.3186,1e-03
938,4.9359,80.3186,1e-03
941,4.9359,80.3186,1e-03
944,4.9359,80.3186,1e-03
947,4.9359,80.3186,1e-03
950,4.9359,80.3186,1e-03
953,4.9359,80.3186,1e-03
956,4.9359,80.3186,1e-03
959,4.9359,80.3186,1e-03
962,4.9359,80.3186,1e-03
965,4.9359,80.3185,1e-03
968,4.9359,80.3185,1e-03
971,4.9359,80.3185,1e-03
974,4.9359,80.3185,1e-03
977,4.9359,80.3185,1e-03
980,4.9359,80.3185,1e-03
983,3.8743,83.4149,1e-03
986,3.8743,83.4149,1e-03
989,3.8743,83.4149,1e-03
992,3.8743,83.4149,1e-03
995,3.8743,83.4149,1e-03
998,3.8743,83.4149,1e-03
1001,3.8743,83.4149,1e-03
1004,3.8743,83.4149,1e-03
1007,3.8743,83.4148,1e-03
1010,3.8743,83.4149,1e-03
1013,3.8743,83.4149,1e-03
1016,3.8743,83.4149,1e-03
1019,3.8743,83.4149,1e-03
1022,3.8743,83.4149,1e-03
1025,3.8743,83.4149,1e-03
1028,3.8743,83.4149,1e-03
1031,3.8744,83.4151,1e-03
1034,3.8743,83.4147,1e-03
1037,3.8743,83.4148,1e-03
1040,3.8744,83.415,1e-03
1043,3.8744,83.415,1e-03
1046,3.8744,83.415,1e-03
1049,3.8744,83.415,1e-03
1052,3.8744,83.4153,1e-03
1055,3.8744,83.415,1e-03
1058,3.8742,83.4389,1e-03
1061,3.8744,83.4151,1e-03
1064,3.8722,83.3925,1e-03
1067,3.8744,83.4151,1e-03
1070,3.8743,83.4149,1e-03
1073,3.8743,83.4149,1e-03
1076,3.8743,83.4143,1e-03
1079,3.8743,83.4149,1e-03
1082,3.8743,83.4149,1e-03
1085,3.8743,83.4149,1e-03
1088,3.8743,83.4148,1e-03
1091,3.8743,83.4148,1e-03
1094,3.8743,83.4149,1e-03
1097,3.8743,83.4149,1e-03
1100,3.8743,83.4148,1e-03
1103,3.8743,83.4148,1e-03
1106,3.8743,83.4148,1e-03
1109,3.8743,83.4148,1e-03
1112,3.8743,83.4149,1e-03
1115,3.8743,83.4149,1e-03
1118,3.8743,83.4148,1e-03
1121,3.8743,83.4148,1e-03
1124,3.8743,83.4148,1e-03
1127,3.8743,83.4148,1e-03
1130,3.8743,83.4148,1e-03
1133,3.8743,83.4148,1e-03
1136,3.8743,83.4148,1e-03
1139,3.8743,83.4148,1e-03
1142,3.8743,83.4148,1e-03
1145,3.8743,83.4148,1e-03
1148,3.8743,83.4148,1e-03
1151,3.8743,83.4148,1e-03
1154,3.8743,83.4148,1e-03
1157,3.8743,83.4147,1e-03
1160,3.8743,83.4148,1e-03
1163,3.8743,83.4148,1e-03
1166,3.8743,83.4147,1e-03
1169,3.8743,83.4147,1e-03
1172,3.8743,83.4147,1e-03
1173,3.8743,83.4147,1e-03
1178,3.8743,83.4147,1e-03
1179,3.8743,83.4147,1e-03
1184,3.8743,83.4147,1e-03
1185,3.8743,83.4147,1e-03
1190,3.8743,83.4146,1e-03
1191,3.8743,83.4146,1e-03
1196,3.8743,83.4146,1e-03
1197,3.8743,83.4146,1e-03
1202,3.8743,83.4146,1e-03
1203,3.8743,83.4146,1e-03
1208,3.8743,83.4146,1e-03
1209,3.8743,83.4146,1e-03
1214,4.9344,81.3472,1e-03
1215,4.9344,81.3475,1e-03
1220,3.8679,83.2948,1e-03
1221,3.8679,83.2948,1e-03
1226,7.9723,221.0114,1e-03
1227,7.9724,221.0117,1e-03
1232,4.9305,76.414,1e-03
1233,4.9305,76.414,1e-03
1238,4.9334,80.4013,1e-03
1239,4.9334,80.4013,1e-03
1244,3.868,83.3037,1e-03
1245,3.868,83.3037,1e-03
1250,3.8689,83.313,1e-03
1251,3.8689,83.313,1e-03
1256,4.9326,80.4553,1e-03
1257,4.9325,80.4555,1e-03
1262,4.9289,76.6899,1e-03
1263,4.9289,76.6902,1e-03
1268,3.8699,83.389,1e-03
1269,3.8699,83.389,1e-03
1274,3.8655,83.1817,1e-03
1275,3.8655,83.1817,1e-03
1280,6.0413,139.5987,1e-03
1281,14.5107,395.4546,1e-03
1286,8.0012,182.1287,1e-03
1287,7.5009,224.3353,1e-03
1292,6.2359,166.7652,1e-03
1293,13.0822,370.8266,1e-03
1298,8.2931,258.4227,1e-03
1299,10.4254,250.3352,1e-03
1304,5.5687,94.9624,1e-03
1305,15.3762,438.1271,1e-03
1310,6.7827,177.1392,1e-03
1311,7.8326,252.7028,1e-03
1316,13.3221,390.1804,1e-03
1317,5.2708,69.7662,1e-03
1322,13.9163,423.5503,1e-03
1323,13.8182,383.8489,1e-03
1328,14.7884,445.8728,1e-03
1329,10.9838,529.4985,1e-03
1334,11.8682,574.1084,1e-03
1335,13.1006,608.3639,1e-03
1340,7.5885,305.8597,1e-03
1341,7.5012,209.7536,1e-03
1346,7.6619,304.6327,1e-03
1347,7.1584,277.3311,1e-03
1352,11.3317,531.6265,1e-03
1353,8.2182,264.9576,1e-03
1358,12.34,532.3722,1e-03
1359,8.3676,355.7926,1e-03
1364,11.029,518.4251,1e-03
1365,12.6813,386.3953,1e-03
1370,12.5425,562.3008,1e-03
1371,16.555,681.4175,1e-03
1376,5.7059,162.3041,1e-03
1377,10.2761,287.2919,1e-03
1382,9.3469,339.9967,1e-03
1383,12.8538,512.687,1e-03
1388,9.4736,315.346,1e-03
1389,12.9069,587.3937,1e-03
1394,11.0066,521.2186,1e-03
1395,11.9161,556.0443,1e-03
1400,9.3846,369.6273,1e-03
1401,16.5376,723.863,1e-03
1406,9.9556,384.6607,1e-03
1407,15.8738,660.7143,1e-03
1412,10.0514,405.6121,1e-03
1413,17.2445,722.1367,1e-03
1418,7.9571,316.0953,1e-03
1419,8.3524,324.6686,1e-03
1424,10.8883,511.01,1e-03
1425,11.7982,365.1773,1e-03
1430,9.1586,340.2476,1e-03
1431,9.4418,398.148,1e-03
1436,9.4025,343.2772,1e-03
1437,7.5477,221.1847,1e-03
1442,8.4324,341.4297,1e-03
1443,12.4273,502.2024,1e-03
1448,13.2242,497.2908,1e-03
1449,8.9119,321.4198,1e-03
1454,13.565,562.6423,1e-03
1455,16.526,629.5731,1e-03
1460,13.9226,565.2591,1e-03
1461,13.8881,630.9494,1e-03
1466,11.1044,415.6048,1e-03
1467,10.8227,483.9351,1e-03
1472,9.7951,371.2315,1e-03
1473,10.3967,350.2588,1e-03
1478,10.0542,376.3014,1e-03
1479,10.5027,371.8625,1e-03
1484,9.9307,372.4447,1e-03
1485,8.9572,300.7238,1e-03
1490,9.8645,370.2899,1e-03
1491,10.0895,404.7918,1e-03
1496,11.329,514.0759,1e-03
1497,13.1414,533.0834,1e-03
1502,11.3566,480.4033,1e-03
1503,11.5219,488.6734,1e-03
1508,12.5848,563.4865,1e-03
1509,12.6321,546.9892,1e-03
1514,13.0496,518.4959,1e-03
1515,14.2922,593.1689,1e-03
1520,16.9356,586.365,1e-03
1521,15.0795,569.069,1e-03
1526,8.6427,355.8569,1e-03
1527,10.8474,419.7344,1e-03
1532,9.1648,379.7069,1e-03
1533,9.7343,407.7207,1e-03
1538,7.6338,331.8256,1e-03
1539,10.5986,432.9176,1e-03
1544,8.0925,336.4661,1e-03
1545,9.9213,370.5053,1e-03
1550,12.2785,438.6774,1e-03
1551,9.8387,395.5684,1e-03
1556,11.8333,373.0047,1e-03
1557,12.1105,374.963,1e-03
1562,9.4834,395.308,1e-03
1563,9.6203,388.427,1e-03
1568,10.601,393.617,1e-03
1569,9.9881,385.1687,1e-03
1574,9.8825,420.1253,1e-03
1575,9.102,379.402,1e-03
1580,8.6024,359.9772,1e-03
1581,15.4658,504.2787,1e-03
1586,10.8991,358.9642,1e-03
1587,10.9248,407.2493,1e-03
1592,10.9921,360.7417,1e-03
1593,10.7361,371.3212,1e-03
1598,9.3758,371.1897,1e-03
1599,10.0549,392.1194,1e-03
1604,8.0574,337.6463,1e-03
1605,9.2402,331.2948,1e-03
1610,9.4061,388.3273,1e-03
1611,13.1339,453.5464,1e-03
1616,11.0655,346.2631,1e-03
1617,10.6411,421.4739,1e-03
1622,9.8357,320.9593,1e-03
1623,9.6882,387.0168,1e-03
1628,17.9866,540.5118,1e-03
1629,14.874,612.4755,1e-03
1634,14.8994,653.0416,1e-03
1635,18.2901,627.8588,1e-03
1640,9.9156,426.7269,1e-03
1641,10.7984,420.8752,1e-03
1646,8.8702,266.8843,1e-03
1647,12.7718,539.3758,1e-03
1652,12.9552,414.8138,1e-03
1653,8.9898,343.6207,1e-03
1658,12.4495,382.8474,1e-03
1659,8.8623,352.3354,1e-03
1664,11.1317,410.9269,1e-03
1665,13.9925,446.1956,1e-03
