step,u0_Nm,lambda_n_max,eta_n_max,primal,iters,iters_max
1,34.28,1.058,1.279,4.933,25,25
3,33.98,0.0,0.742,3.872,25,25
6,28.99,0.0,0.742,3.872,25,25
7,28.99,0.0,0.742,3.872,25,25
8,34.12,0.0,0.74,3.874,25,25
13,31.43,0.0,0.74,3.874,25,25
14,34.22,0.0,0.74,3.874,25,25
19,33.04,0.0,0.74,3.874,25,25
20,34.26,0.0,0.74,3.874,25,25
25,34.41,0.0,0.74,3.874,25,25
26,34.28,0.0,0.74,3.874,25,25
31,33.98,0.0,0.74,3.874,25,25
32,34.28,1.058,1.279,4.936,25,25
37,34.22,1.058,1.279,4.936,25,25
38,34.28,0.0,0.74,3.874,25,25
43,33.86,0.0,0.74,3.874,25,25
44,34.27,0.0,0.74,3.874,25,25
49,33.9,0.0,0.74,3.874,25,25
50,34.25,0.0,0.74,3.874,25,25
55,33.71,0.0,0.74,3.874,25,25
56,34.23,0.0,0.74,3.874,25,25
61,33.67,0.0,0.74,3.874,25,25
62,34.22,0.0,0.74,3.874,25,25
67,33.57,0.0,0.74,3.874,25,25
68,34.2,0.0,0.74,3.874,25,25
73,33.51,0.0,0.74,3.874,25,25
74,34.18,0.0,0.74,3.874,25,25
79,33.45,0.0,0.74,3.874,25,25
80,34.16,0.0,0.74,3.874,25,25
85,33.39,0.0,0.74,3.874,25,25
86,34.15,0.0,0.74,3.874,25,25
91,33.34,0.0,0.74,3.874,25,25
92,34.13,0.0,0.74,3.874,25,25
97,33.3,0.0,0.74,3.874,25,25
98,34.12,0.0,0.74,3.874,25,25
103,33.25,0.0,0.74,3.874,25,25
104,34.11,1.058,1.279,4.936,25,25
109,33.21,1.058,1.279,4.936,25,25
110,34.1,1.058,1.279,4.936,25,25
115,33.18,1.058,1.279,4.936,25,25
116,34.09,1.058,1.279,4.936,25,25
121,33.14,1.058,1.279,4.936,25,25
122,34.08,1.058,1.279,4.936,25,25
127,33.11,1.058,1.279,4.936,25,25
128,34.07,1.058,1.279,4.936,25,25
133,33.08,1.058,1.279,4.936,25,25
134,34.07,1.058,1.279,4.936,25,25
139,33.05,1.058,1.279,4.936,25,25
140,34.06,1.058,1.279,4.936,25,25
145,33.03,1.058,1.279,4.936,25,25
146,34.06,1.058,1.279,4.936,25,25
151,33.01,1.058,1.279,4.936,25,25
152,34.05,1.058,1.279,4.936,25,25
157,32.99,1.058,1.279,4.936,25,25
158,34.05,1.058,1.279,4.936,25,25
163,32.97,1.058,1.279,4.936,25,25
164,34.05,1.058,1.279,4.936,25,25
169,32.96,1.058,1.279,4.936,25,25
170,34.05,1.058,1.279,4.936,25,25
175,32.94,1.058,1.279,4.936,25,25
176,34.05,1.058,1.279,4.936,25,25
181,32.93,1.058,1.279,4.936,25,25
182,34.06,1.058,1.279,4.936,25,25
187,32.92,1.058,1.279,4.936,25,25
188,34.06,1.058,1.279,4.936,25,25
193,32.91,1.058,1.279,4.936,25,25
194,34.06,1.058,1.279,4.936,25,25
199,32.91,1.058,1.279,4.936,25,25
200,34.07,1.058,1.279,4.936,25,25
205,32.9,1.058,1.279,4.936,25,25
206,34.07,1.058,1.279,4.936,25,25
211,32.9,1.058,1.279,4.936,25,25
212,34.08,1.058,1.279,4.936,25,25
217,32.9,1.058,1.279,4.936,25,25
218,34.09,1.058,1.279,4.936,25,25
223,32.9,1.058,1.279,4.936,25,25
224,34.1,1.058,1.279,4.936,25,25
229,32.9,1.058,1.279,4.936,25,25
230,34.11,1.058,1.279,4.936,25,25
235,32.9,1.058,1.279,4.936,25,25
236,34.12,1.058,1.279,4.936,25,25
241,32.91,1.058,1.279,4.936,25,25
242,34.13,1.058,1.279,4.936,25,25
247,32.91,1.058,1.279,4.936,25,25
248,34.14,1.058,1.279,4.936,25,25
253,32.92,1.058,1.279,4.936,25,25
254,34.15,1.058,1.279,4.936,25,25
259,32.93,1.058,1.279,4.936,25,25
260,34.17,1.058,1.279,4.936,25,25
265,32.94,1.058,1.279,4.936,25,25
266,34.18,1.058,1.279,4.936,25,25
271,32.95,1.058,1.279,4.936,25,25
272,34.2,1.058,1.279,4.936,25,25
277,32.96,1.058,1.279,4.936,25,25
278,34.21,1.058,1.279,4.936,25,25
283,32.97,1.058,1.279,4.936,25,25
284,34.23,1.058,1.279,4.936,25,25
289,32.98,1.058,1.279,4.936,25,25
290,34.25,1.058,1.279,4.936,25,25
295,33.0,1.058,1.279,4.936,25,25
296,34.27,1.058,1.279,4.936,25,25
301,33.01,1.058,1.279,4.936,25,25
302,34.29,1.058,1.279,4.936,25,25
307,33.03,1.058,1.279,4.936,25,25
308,34.3,1.058,1.279,4.936,25,25
313,33.05,1.058,1.279,4.936,25,25
314,34.32,1.058,1.279,4.936,25,25
319,33.06,1.058,1.279,4.936,25,25
320,34.35,1.058,1.279,4.936,25,25
325,33.08,1.058,1.279,4.936,25,25
326,34.37,1.058,1.279,4.936,25,25
331,33.1,1.058,1.279,4.936,25,25
332,34.39,1.058,1.279,4.936,25,25
337,33.12,1.058,1.279,4.936,25,25
338,34.42,1.058,1.279,4.936,25,25
343,33.14,1.058,1.279,4.936,25,25
344,34.44,1.058,1.279,4.936,25,25
349,33.16,1.058,1.279,4.936,25,25
350,34.46,1.058,1.279,4.936,25,25
355,33.18,1.058,1.279,4.936,25,25
356,34.49,1.058,1.279,4.936,25,25
361,33.2,1.058,1.279,4.936,25,25
362,34.52,1.058,1.279,4.936,25,25
367,33.23,1.058,1.279,4.936,25,25
368,34.58,1.058,1.279,4.936,25,25
373,33.25,1.058,1.279,4.936,25,25
374,34.6,1.058,1.279,4.936,25,25
379,34.61,1.058,1.279,4.936,25,25
381,35.24,1.058,1.279,4.936,25,25
384,35.96,1.058,1.279,4.936,25,25
387,36.64,1.058,1.279,4.936,25,25
390,37.29,1.058,1.279,4.936,25,25
393,37.91,1.058,1.279,4.936,25,25
396,38.48,1.058,1.279,4.936,25,25
399,38.91,1.058,1.279,4.936,25,25
402,38.95,1.058,1.279,4.936,25,25
405,39.01,1.058,1.279,4.936,25,25
408,39.13,1.058,1.279,4.936,25,25
411,39.29,1.058,1.279,4.936,25,25
414,39.5,1.058,1.279,4.936,25,25
417,39.34,1.058,1.279,4.936,25,25
420,39.08,1.058,1.279,4.936,25,25
423,38.84,1.058,1.279,4.936,25,25
426,38.67,1.058,1.279,4.936,25,25
429,38.55,1.058,1.279,4.936,25,25
432,38.48,1.058,1.279,4.936,25,25
435,38.81,1.058,1.279,4.936,25,25
438,39.24,1.058,1.279,4.936,25,25
441,39.75,1.058,1.279,4.936,25,25
444,39.6,1.058,1.279,4.936,25,25
447,39.28,1.058,1.279,4.936,25,25
450,39.05,1.058,1.279,4.936,25,25
453,38.91,1.058,1.279,4.936,25,25
456,38.9,1.058,1.279,4.936,25,25
459,39.01,1.058,1.279,4.936,25,25
462,39.19,1.058,1.279,4.936,25,25
465,39.3,1.058,1.279,4.936,25,25
468,39.51,1.058,1.279,4.936,25,25
471,39.52,1.058,1.279,4.936,25,25
474,39.42,1.059,1.279,4.936,25,25
477,40.04,1.058,1.279,4.936,25,25
480,40.13,1.058,1.279,4.936,25,25
483,40.11,1.058,1.279,4.936,25,25
486,39.88,1.058,1.279,4.936,25,25
489,40.2,1.058,1.279,4.936,25,25
492,40.53,1.058,1.279,4.936,25,25
495,40.85,1.058,1.279,4.936,25,25
498,41.17,1.058,1.279,4.936,25,25
501,41.48,1.058,1.279,4.936,25,25
504,41.6,1.058,1.279,4.936,25,25
507,42.69,1.058,1.279,4.936,25,25
510,43.07,1.059,1.279,4.936,25,25
513,43.29,1.058,1.279,4.936,25,25
516,43.28,1.058,1.279,4.936,25,25
519,43.13,1.059,1.279,4.936,25,25
522,43.39,1.058,1.279,4.936,25,25
525,43.46,1.058,1.279,4.936,25,25
528,43.33,1.058,1.279,4.936,25,25
531,43.3,1.058,1.279,4.936,25,25
534,43.37,1.058,1.279,4.936,25,25
537,43.35,1.058,1.279,4.936,25,25
540,43.34,1.058,1.279,4.936,25,25
543,43.48,1.058,1.279,4.936,25,25
546,43.5,1.058,1.279,4.936,25,25
549,43.49,1.058,1.279,4.936,25,25
552,43.59,1.058,1.279,4.936,25,25
555,43.73,1.058,1.279,4.936,25,25
558,43.46,1.058,1.279,4.936,25,25
561,43.76,1.059,1.279,4.936,25,25
564,43.85,1.058,1.279,4.936,25,25
567,43.74,1.058,1.279,4.936,25,25
570,34.57,1.058,1.279,4.936,25,25
571,42.7,1.058,1.279,4.936,25,25
576,34.13,1.058,1.279,4.936,25,25
577,42.23,1.058,1.279,4.936,25,25
582,34.26,1.058,1.279,4.936,25,25
583,40.62,1.058,1.279,4.936,25,25
588,33.83,1.058,1.279,4.936,25,25
589,40.87,1.058,1.279,4.936,25,25
594,33.36,1.058,1.279,4.936,25,25
595,41.44,1.058,1.279,4.936,25,25
600,32.94,1.058,1.279,4.936,25,25
601,41.22,1.058,1.279,4.936,25,25
606,32.64,1.058,1.279,4.936,25,25
607,40.78,1.058,1.279,4.936,25,25
612,32.52,1.058,1.279,4.936,25,25
613,40.45,1.058,1.279,4.936,25,25
618,32.39,1.058,1.279,4.936,25,25
619,38.55,0.682,1.361,9.483,25,25
624,35.6,1.161,3.315,10.7,25,25
625,40.05,0.71,1.366,9.619,25,25
630,34.39,0.887,3.223,9.671,25,25
631,43.24,1.059,1.279,4.936,25,25
636,33.74,1.058,1.279,4.936,25,25
637,42.75,1.058,1.279,4.936,25,25
642,33.12,1.058,1.279,4.936,25,25
643,41.95,1.058,1.279,4.936,25,25
648,33.07,1.058,1.279,4.936,25,25
649,41.27,1.058,1.279,4.936,25,25
654,32.69,1.058,1.279,4.936,25,25
655,41.07,1.058,1.279,4.936,25,25
660,32.7,1.058,1.279,4.936,25,25
661,40.33,1.058,1.279,4.936,25,25
666,32.58,1.058,1.279,4.936,25,25
667,40.05,1.059,1.279,4.936,25,25
672,32.63,1.058,1.279,4.936,25,25
673,38.16,0.696,1.377,7.721,25,25
678,35.69,1.072,3.263,9.512,25,25
679,40.05,0.764,1.378,8.043,25,25
684,34.42,0.972,3.017,9.013,25,25
685,43.17,1.058,1.279,4.936,25,25
690,33.82,1.058,1.279,4.936,25,25
691,42.47,1.058,1.279,4.936,25,25
696,33.37,1.058,1.279,4.936,25,25
697,41.3,1.059,1.279,4.936,25,25
702,33.3,1.058,1.279,4.936,25,25
703,41.05,1.058,1.279,4.936,25,25
708,33.01,1.058,1.279,4.936,25,25
709,40.71,1.058,1.279,4.936,25,25
714,33.01,1.058,1.279,4.936,25,25
715,40.39,1.058,1.279,4.936,25,25
720,32.93,1.058,1.279,4.936,25,25
721,40.12,1.058,1.279,4.936,25,25
726,32.96,1.058,1.279,4.936,25,25
727,39.98,1.058,1.279,4.936,25,25
732,32.96,1.058,1.279,4.936,25,25
733,38.1,0.861,1.385,11.688,25,25
738,35.74,0.804,3.166,9.394,25,25
739,39.55,0.852,1.384,11.772,25,25
744,34.55,0.739,3.003,9.078,25,25
745,42.82,1.058,1.279,4.936,25,25
750,34.03,1.058,1.279,4.936,25,25
751,42.15,1.058,1.279,4.936,25,25
756,33.63,1.058,1.279,4.936,25,25
757,41.37,1.058,1.279,4.936,25,25
762,33.58,1.058,1.279,4.936,25,25
763,40.65,1.058,1.279,4.936,25,25
768,33.32,1.058,1.279,4.936,25,25
769,40.38,1.058,1.279,4.936,25,25
774,33.33,1.058,1.279,4.936,25,25
775,40.13,1.058,1.279,4.936,25,25
780,33.26,1.058,1.279,4.936,25,25
781,39.9,1.058,1.279,4.936,25,25
786,33.3,1.058,1.279,4.936,25,25
787,39.71,1.058,1.279,4.936,25,25
792,33.29,1.058,1.279,4.936,25,25
793,37.69,0.92,1.386,8.851,25,25
798,35.8,0.838,3.089,9.118,25,25
799,39.96,0.757,1.4,8.072,25,25
804,34.58,0.804,2.953,9.087,25,25
805,42.56,1.058,1.279,4.936,25,25
810,34.17,1.058,1.279,4.936,25,25
811,41.89,1.058,1.279,4.936,25,25
816,33.87,1.058,1.279,4.936,25,25
817,40.93,1.058,1.279,4.936,25,25
822,33.81,1.058,1.279,4.936,25,25
823,40.3,1.058,1.279,4.936,25,25
828,33.59,1.058,1.279,4.936,25,25
829,40.03,1.058,1.279,4.936,25,25
834,33.6,1.058,1.279,4.936,25,25
835,39.8,1.058,1.279,4.936,25,25
840,33.55,1.058,1.279,4.936,25,25
841,39.75,1.058,1.279,4.936,25,25
846,33.58,1.058,1.279,4.936,25,25
847,39.54,1.058,1.279,4.936,25,25
852,33.58,1.058,1.279,4.936,25,25
853,37.43,0.731,1.394,9.529,25,25
858,35.82,0.952,3.085,9.321,25,25
859,39.78,0.747,1.398,9.798,25,25
864,34.5,0.905,2.946,9.971,25,25
865,41.86,1.058,1.279,4.936,25,25
870,34.26,1.058,1.279,4.936,25,25
871,41.64,1.058,1.279,4.936,25,25
876,34.08,1.058,1.279,4.936,25,25
877,40.8,1.058,1.279,4.936,25,25
882,33.99,1.058,1.279,4.936,25,25
883,40.37,1.058,1.279,4.936,25,25
888,33.83,1.058,1.279,4.936,25,25
889,40.03,1.058,1.279,4.936,25,25
894,33.82,1.058,1.279,4.936,25,25
895,39.81,1.058,1.279,4.936,25,25
900,33.8,1.058,1.279,4.936,25,25
901,39.65,1.058,1.279,4.936,25,25
906,33.82,1.058,1.279,4.936,25,25
907,37.24,0.785,1.401,9.529,25,25
912,35.79,1.007,3.175,11.046,25,25
913,38.96,0.797,1.409,13.01,25,25
918,34.58,0.965,2.872,10.233,25,25
919,42.21,1.058,1.279,4.936,25,25
924,34.31,1.058,1.279,4.936,25,25
925,41.47,1.058,1.279,4.936,25,25
930,34.22,1.058,1.279,4.936,25,25
931,40.71,1.058,1.279,4.936,25,25
936,39.95,1.058,1.279,4.936,25,25
938,39.51,1.058,1.279,4.936,25,25
941,39.24,1.058,1.279,4.936,25,25
944,39.12,1.058,1.279,4.936,25,25
947,39.09,1.058,1.279,4.936,25,25
950,39.05,1.058,1.279,4.936,25,25
953,39.16,1.058,1.279,4.936,25,25
956,39.22,1.058,1.279,4.936,25,25
959,38.99,1.058,1.279,4.936,25,25
962,38.76,1.058,1.279,4.936,25,25
965,38.6,1.058,1.279,4.936,25,25
968,38.47,1.058,1.279,4.936,25,25
971,38.36,1.058,1.279,4.936,25,25
974,38.26,1.058,1.279,4.936,25,25
977,38.16,1.058,1.279,4.936,25,25
980,38.23,1.058,1.279,4.936,25,25
983,38.41,1.058,1.279,4.936,25,25
986,38.56,0.0,0.74,3.874,25,25
989,38.13,0.0,0.74,3.874,25,25
992,37.95,0.0,0.74,3.874,25,25
995,37.42,0.0,0.74,3.874,25,25
998,36.73,0.0,0.74,3.874,25,25
1001,36.18,0.0,0.74,3.874,25,25
1004,35.75,0.0,0.74,3.874,25,25
1007,35.4,0.0,0.74,3.874,25,25
1010,35.09,0.0,0.74,3.874,25,25
1013,34.91,0.0,0.74,3.874,25,25
1016,34.78,0.0,0.74,3.874,25,25
1019,34.68,0.0,0.74,3.874,25,25
1022,34.62,0.0,0.74,3.874,25,25
1025,34.53,0.0,0.74,3.874,25,25
1028,34.16,0.0,0.74,3.874,25,25
1031,33.94,0.0,0.74,3.874,25,25
1034,33.77,0.0,0.74,3.874,25,25
1037,33.88,0.0,0.74,3.874,25,25
1040,34.02,0.0,0.74,3.874,25,25
1043,34.22,0.0,0.74,3.874,25,25
1046,34.39,0.0,0.74,3.874,25,25
1049,34.55,0.0,0.74,3.874,25,25
1052,34.71,0.0,0.74,3.874,25,25
1055,34.88,0.0,0.74,3.874,25,25
1058,35.08,0.0,0.74,3.874,25,25
1061,35.21,0.0,0.74,3.874,25,25
1064,35.42,0.0,0.74,3.874,25,25
1067,35.34,-0.0,0.74,3.872,25,25
1070,35.67,0.0,0.74,3.874,25,25
1073,35.75,0.0,0.74,3.874,25,25
1076,36.54,0.0,0.74,3.874,25,25
1079,37.14,0.0,0.74,3.874,25,25
1082,37.79,0.0,0.74,3.874,25,25
1085,38.56,0.0,0.74,3.874,25,25
1088,39.33,0.0,0.74,3.874,25,25
1091,40.11,0.0,0.74,3.874,25,25
1094,40.77,-0.0,0.74,3.874,25,25
1097,41.39,0.0,0.74,3.874,25,25
1100,41.94,0.0,0.74,3.874,25,25
1103,42.41,0.0,0.74,3.874,25,25
1106,42.76,-0.0,0.74,3.874,25,25
1109,43.08,-0.0,0.74,3.874,25,25
1112,43.34,-0.0,0.74,3.874,25,25
1115,43.68,0.0,0.74,3.874,25,25
1118,43.82,0.0,0.74,3.874,25,25
1121,43.75,-0.0,0.74,3.874,25,25
1124,43.69,-0.0,0.74,3.874,25,25
1127,43.62,-0.0,0.74,3.874,25,25
1130,43.54,-0.0,0.74,3.874,25,25
1133,43.46,-0.0,0.74,3.874,25,25
1136,43.37,-0.0,0.74,3.874,25,25
1139,43.31,0.0,0.74,3.874,25,25
1142,43.22,0.0,0.74,3.874,25,25
1145,43.13,0.0,0.74,3.874,25,25
1148,43.06,0.0,0.74,3.874,25,25
1151,42.94,0.0,0.74,3.874,25,25
1154,42.49,0.0,0.74,3.874,25,25
1157,41.85,0.0,0.74,3.874,25,25
1160,41.24,0.0,0.74,3.874,25,25
1163,40.68,0.0,0.74,3.874,25,25
1166,40.2,0.0,0.74,3.874,25,25
1169,39.77,0.0,0.74,3.874,25,25
1172,29.39,0.0,0.74,3.874,25,25
1173,38.79,0.0,0.74,3.874,25,25
1178,25.09,0.0,0.74,3.874,25,25
1179,38.3,-0.0,0.74,3.874,25,25
1184,26.82,0.0,0.74,3.874,25,25
1185,37.97,-0.0,0.74,3.874,25,25
1190,22.97,0.0,0.74,3.874,25,25
1191,37.82,-0.0,0.74,3.874,25,25
1196,26.51,0.0,0.74,3.874,25,25
1197,37.75,-0.0,0.74,3.874,25,25
1202,21.96,0.0,0.74,3.874,25,25
1203,37.69,-0.0,0.74,3.874,25,25
1208,26.54,0.0,0.74,3.874,25,25
1209,37.68,-0.0,0.74,3.874,25,25
1214,21.43,0.0,0.74,3.874,25,25
1215,37.69,1.056,1.279,4.934,25,25
1220,26.55,1.056,1.279,4.934,25,25
1221,37.67,0.0,0.739,3.868,25,25
1226,21.21,0.0,0.739,3.868,25,25
1227,37.69,1.056,1.279,7.972,25,25
1232,26.58,1.056,1.279,7.972,25,25
1233,37.71,1.061,1.279,4.93,25,25
1238,21.16,1.061,1.279,4.93,25,25
1239,37.73,1.06,1.279,4.933,25,25
1244,26.63,1.06,1.279,4.933,25,25
1245,37.76,0.0,0.738,3.868,25,25
1250,21.18,0.0,0.738,3.868,25,25
1251,37.81,-0.0,0.739,3.869,25,25
1256,26.71,0.0,0.739,3.869,25,25
1257,37.83,1.06,1.279,4.933,25,25
1262,21.22,1.06,1.279,4.933,25,25
1263,37.86,1.06,1.279,4.929,25,25
1268,26.79,1.06,1.279,4.929,25,25
1269,37.89,-0.0,0.735,3.87,25,25
1274,21.27,0.0,0.735,3.87,25,25
1275,37.92,-0.0,0.741,3.866,25,25
1280,26.86,0.0,0.741,3.866,25,25
1281,38.22,9.741,2.738,6.041,25,25
1286,25.39,9.84,7.573,14.511,25,25
1287,39.49,8.316,2.718,8.001,25,25
1292,29.77,8.283,3.14,7.501,25,25
1293,41.88,8.277,2.634,6.236,25,25
1298,27.03,8.141,7.92,13.082,25,25
1299,42.81,8.065,2.732,8.293,25,25
1304,30.11,8.013,3.057,10.425,25,25
1305,43.96,9.454,2.722,5.569,25,25
1310,28.31,9.548,8.627,15.376,25,25
1311,43.85,9.306,2.676,6.783,25,25
1316,30.46,9.487,3.115,7.833,25,25
1317,44.06,9.1,2.891,13.322,25,25
1322,28.87,9.469,8.201,5.271,25,25
1323,43.9,9.102,2.981,13.916,25,25
1328,30.86,9.487,3.547,13.818,25,25
1329,44.2,9.375,3.128,14.788,25,25
1334,28.59,8.871,8.042,10.984,25,25
1335,44.03,9.604,3.468,11.868,25,25
1340,31.15,9.772,3.546,13.101,25,25
1341,44.13,9.184,3.301,7.589,25,25
1346,28.16,9.128,8.2,7.501,25,25
1347,43.83,8.677,3.334,7.662,25,25
1352,30.53,8.885,3.445,7.158,25,25
1353,44.06,8.156,3.352,11.332,25,25
1358,27.96,8.616,7.995,8.218,25,25
1359,41.25,7.888,3.362,12.34,25,25
1364,29.0,8.497,3.375,8.368,25,25
1365,42.35,7.912,3.425,11.029,25,25
1370,24.81,8.456,7.349,12.681,25,25
1371,43.18,8.344,3.432,12.542,25,25
1376,33.23,8.281,3.226,16.555,25,25
1377,43.39,5.803,3.164,5.706,25,25
1382,25.98,5.65,6.643,10.276,25,25
1383,43.4,8.534,3.661,9.347,25,25
1388,33.7,8.334,3.454,12.854,25,25
1389,42.83,9.143,4.537,9.474,25,25
1394,26.55,8.968,6.994,12.907,25,25
1395,42.91,7.801,3.651,11.007,25,25
1400,29.94,7.768,3.43,11.916,25,25
1401,43.39,8.34,3.724,9.385,25,25
1406,30.78,7.942,8.642,16.538,25,25
1407,43.24,8.151,3.723,9.956,25,25
1412,33.93,7.943,3.482,15.874,25,25
1413,43.31,8.087,3.743,10.051,25,25
1418,31.45,7.811,8.705,17.245,25,25
1419,43.02,5.24,3.188,7.957,25,25
1424,30.74,5.044,2.91,8.352,25,25
1425,42.14,7.214,3.717,10.888,25,25
1430,26.12,7.532,7.524,11.798,25,25
1431,42.26,5.129,3.191,9.159,25,25
1436,31.72,4.941,2.858,9.442,25,25
1437,42.24,5.123,3.206,9.403,25,25
1442,27.46,4.983,5.72,7.548,25,25
1443,41.75,4.968,3.206,8.432,25,25
1448,32.5,4.798,2.859,12.427,25,25
1449,41.5,6.577,3.673,13.224,25,25
1454,27.9,7.242,6.252,8.912,25,25
1455,41.64,6.331,3.463,13.565,25,25
1460,33.02,6.461,3.185,16.526,25,25
1461,41.62,6.26,3.414,13.923,25,25
1466,34.84,6.123,6.449,13.888,25,25
1467,41.11,6.32,3.569,11.104,25,25
1472,33.43,5.947,3.145,10.823,25,25
1473,41.22,4.601,3.231,9.795,25,25
1478,28.41,4.438,4.216,10.397,25,25
1479,40.97,4.5,3.23,10.054,25,25
1484,32.38,4.35,2.766,10.503,25,25
1485,40.98,4.433,3.236,9.931,25,25
1490,29.96,4.271,3.836,8.957,25,25
1491,40.64,4.384,3.241,9.864,25,25
1496,32.62,4.212,2.734,10.09,25,25
1497,40.89,4.692,2.915,11.329,25,25
1502,35.82,4.897,4.5,13.141,25,25
1503,40.75,4.493,2.825,11.357,25,25
1508,34.86,4.544,2.377,11.522,25,25
1509,40.42,7.816,5.106,12.585,25,25
1514,32.08,7.371,4.534,12.632,25,25
1515,39.65,9.055,5.186,13.05,25,25
1520,34.31,7.408,4.649,14.292,25,25
1521,39.83,8.763,5.203,16.936,25,25
1526,33.66,6.958,4.624,15.079,25,25
1527,40.4,4.373,3.132,8.643,25,25
1532,32.73,4.354,2.684,10.847,25,25
1533,40.69,3.877,3.07,9.165,25,25
1538,33.08,4.289,2.661,9.734,25,25
1539,40.02,3.983,2.731,7.634,25,25
1544,34.73,4.048,3.055,10.599,25,25
1545,39.71,3.786,2.759,8.093,25,25
1550,34.21,3.84,2.247,9.921,25,25
1551,40.94,3.527,2.992,12.278,25,25
1556,31.67,3.595,2.492,9.839,25,25
1557,40.1,3.442,3.264,11.833,25,25
1562,31.69,3.253,2.431,12.111,25,25
1563,40.7,3.209,3.005,9.483,25,25
1568,32.68,3.241,2.434,9.62,25,25
1569,40.26,3.225,2.906,10.601,25,25
1574,31.32,3.315,2.726,9.988,25,25
1575,40.63,3.05,3.034,9.882,25,25
1580,31.8,3.122,2.453,9.102,25,25
1581,38.94,3.415,2.795,8.602,25,25
1586,33.67,3.542,3.214,15.466,25,25
1587,38.38,3.082,3.129,10.899,25,25
1592,31.43,2.91,2.486,10.925,25,25
1593,38.94,3.139,3.031,10.992,25,25
1598,29.2,3.0,2.529,10.736,25,25
1599,38.87,3.133,2.929,9.376,25,25
1604,29.14,3.056,2.48,10.055,25,25
1605,38.07,3.821,2.514,8.057,25,25
1610,32.71,3.918,2.146,9.24,25,25
1611,38.08,3.431,2.408,9.406,25,25
1616,33.17,3.317,2.065,13.134,25,25
1617,38.03,2.982,2.683,11.065,25,25
1622,29.59,3.079,2.483,10.641,25,25
1623,39.74,2.93,2.559,9.836,25,25
1628,27.3,2.977,2.418,9.688,25,25
1629,38.55,5.181,3.457,17.987,25,25
1634,32.24,5.474,3.311,14.874,25,25
1635,38.06,5.042,3.046,14.899,25,25
1640,30.65,4.644,2.992,18.29,25,25
1641,39.51,2.03,1.552,9.916,25,25
1646,31.16,2.002,1.441,10.798,25,25
1647,40.58,3.942,2.461,8.87,25,25
1652,30.11,4.187,2.472,12.772,25,25
1653,40.64,2.158,1.505,12.955,25,25
1658,24.27,2.247,1.666,8.99,25,25
1659,39.83,2.257,1.189,12.449,25,25
1664,25.0,2.026,1.424,8.862,25,25
1665,40.96,1.676,0.734,11.132,25,25
1670,30.94,1.677,1.025,13.993,25,25
