step,A_is_ee,F_W_x,F_W_y,F_W_z,F_W_mag,box_x,box_y,box_z,ee_x,ee_y,ee_z
1,0,0.0,0.0,0.0,0.0,0.0,0.0,0.05,0.00013,-0.00051,0.20008
2,0,0.0,0.0,0.0,0.0,-0.0,-0.0,0.04999,0.00015,-9e-05,0.20015
3,0,0.0,0.0,0.0,0.0,-0.0,-0.0,0.04999,0.00037,0.00053,0.20023
4,0,0.0,0.0,0.0,0.0,-0.0,-0.0,0.04999,0.00083,0.00092,0.20027
5,0,0.0,0.0,0.0,0.0,-0.0,-0.0,0.04999,0.00143,0.00116,0.20028
6,0,0.0,0.0,0.0,0.0,-0.0,-0.0,0.04999,0.00213,0.0013,0.20028
7,0,0.0,0.0,0.0,0.0,0.0,0.0,0.04999,0.00296,0.00138,0.20028
8,0,0.0,0.0,0.0,0.0,-0.0,-0.0,0.04999,0.00367,0.0014,0.20028
9,0,0.0,0.0,0.0,0.0,-0.0,-0.0,0.04999,0.00448,0.00139,0.20028
10,0,0.0,0.0,0.0,0.0,-0.0,-0.0,0.04999,0.0053,0.00137,0.20028
11,0,0.0,0.0,0.0,0.0,-0.0,-0.0,0.04999,0.00613,0.00133,0.20029
12,0,0.0,0.0,0.0,0.0,-0.0,-0.0,0.04999,0.00697,0.00128,0.2003
13,0,0.0,0.0,0.0,0.0,-0.0,-0.0,0.04999,0.00781,0.00123,0.20031
14,0,0.0,0.0,0.0,0.0,-0.0,-0.0,0.04999,0.00865,0.00117,0.20032
15,0,0.0,0.0,0.0,0.0,-0.0,-0.0,0.04999,0.00949,0.00111,0.20033
16,0,0.0,0.0,0.0,0.0,-0.0,-0.0,0.04999,0.01033,0.00105,0.20034
17,0,0.0,0.0,0.0,0.0,-0.0,-0.0,0.04999,0.01117,0.00099,0.20036
18,0,0.0,0.0,0.0,0.0,-0.0,-0.0,0.04999,0.01201,0.00093,0.20037
19,0,0.0,0.0,0.0,0.0,0.0,0.0,0.04999,0.01294,0.00086,0.20039
20,0,0.0,0.0,0.0,0.0,0.0,0.0,0.04999,0.01378,0.0008,0.2004
21,0,0.0,0.0,0.0,0.0,0.0,0.0,0.04999,0.01462,0.00074,0.20041
22,0,0.0,0.0,0.0,0.0,0.0,0.0,0.04999,0.01546,0.00068,0.20043
23,0,0.0,0.0,0.0,0.0,0.0,0.0,0.04999,0.0163,0.00062,0.20044
24,0,0.0,0.0,0.0,0.0,0.0,0.0,0.04999,0.01715,0.00056,0.20045
25,0,0.0,0.0,0.0,0.0,0.0,0.0,0.04999,0.01799,0.0005,0.20047
26,0,0.0,0.0,0.0,0.0,0.0,0.0,0.04999,0.01883,0.00044,0.20048
27,0,0.0,0.0,0.0,0.0,0.0,0.0,0.04999,0.01967,0.00039,0.2005
28,0,0.0,0.0,0.0,0.0,0.0,0.0,0.04999,0.02051,0.00033,0.20051
29,0,0.0,0.0,0.0,0.0,0.0,0.0,0.04999,0.02135,0.00028,0.20052
30,0,0.0,0.0,0.0,0.0,0.0,0.0,0.04999,0.02219,0.00022,0.20053
31,0,0.0,0.0,0.0,0.0,0.0,0.0,0.04999,0.02303,0.00017,0.20055
32,0,0.0,0.0,0.0,0.0,0.0,0.0,0.04999,0.02388,0.00012,0.20056
33,0,0.0,0.0,0.0,0.0,0.0,0.0,0.04999,0.02472,7e-05,0.20057
34,0,0.0,0.0,0.0,0.0,0.0,0.0,0.04999,0.02556,2e-05,0.20059
35,0,0.0,0.0,0.0,0.0,0.0,0.0,0.04999,0.0264,-3e-05,0.2006
36,0,0.0,0.0,0.0,0.0,0.0,0.0,0.04999,0.02724,-8e-05,0.20061
37,0,0.0,0.0,0.0,0.0,0.0,0.0,0.04999,0.02808,-0.00013,0.20062
38,0,0.0,0.0,0.0,0.0,0.0,0.0,0.04999,0.02892,-0.00017,0.20063
39,0,0.0,0.0,0.0,0.0,0.0,0.0,0.04999,0.02976,-0.00022,0.20065
40,0,0.0,0.0,0.0,0.0,0.0,0.0,0.04999,0.0306,-0.00026,0.20066
41,0,0.0,0.0,0.0,0.0,0.0,0.0,0.04999,0.03144,-0.00031,0.20067
42,0,0.0,0.0,0.0,0.0,0.0,0.0,0.04999,0.03228,-0.00035,0.20068
43,0,0.0,0.0,0.0,0.0,0.0,0.0,0.04999,0.03312,-0.00039,0.20069
44,0,0.0,0.0,0.0,0.0,0.0,0.0,0.04999,0.03396,-0.00043,0.2007
45,0,0.0,0.0,0.0,0.0,0.0,0.0,0.04999,0.03481,-0.00047,0.20071
46,0,0.0,0.0,0.0,0.0,0.0,0.0,0.04999,0.03565,-0.00051,0.20072
47,0,0.0,0.0,0.0,0.0,0.0,0.0,0.04999,0.03649,-0.00055,0.20073
48,0,0.0,0.0,0.0,0.0,0.0,0.0,0.04999,0.03733,-0.00059,0.20075
49,0,0.0,0.0,0.0,0.0,0.0,0.0,0.04999,0.03817,-0.00062,0.20076
50,0,0.0,0.0,0.0,0.0,0.0,0.0,0.04999,0.03901,-0.00066,0.20077
51,0,0.0,0.0,0.0,0.0,0.0,0.0,0.04999,0.03985,-0.00069,0.20078
52,0,0.0,0.0,0.0,0.0,0.0,0.0,0.04999,0.04069,-0.00072,0.20078
53,0,0.0,0.0,0.0,0.0,0.0,0.0,0.04999,0.04153,-0.00075,0.20079
54,0,0.0,0.0,0.0,0.0,0.0,0.0,0.04999,0.04237,-0.00079,0.2008
55,0,0.0,0.0,0.0,0.0,0.0,0.0,0.04999,0.04321,-0.00082,0.20081
56,0,0.0,0.0,0.0,0.0,0.0,0.0,0.04999,0.04405,-0.00084,0.20082
57,0,0.0,0.0,0.0,0.0,0.0,0.0,0.04999,0.04489,-0.00087,0.20083
58,0,0.0,0.0,0.0,0.0,0.0,0.0,0.04999,0.04573,-0.0009,0.20084
59,0,0.0,0.0,0.0,0.0,0.0,0.0,0.04999,0.04657,-0.00093,0.20085
60,0,0.0,0.0,0.0,0.0,0.0,0.0,0.04999,0.04741,-0.00095,0.20086
61,0,0.0,0.0,0.0,0.0,0.0,0.0,0.04999,0.04825,-0.00097,0.20086
62,0,0.0,0.0,0.0,0.0,0.0,0.0,0.04999,0.04909,-0.001,0.20087
63,0,0.0,0.0,0.0,0.0,0.0,0.0,0.04999,0.04993,-0.00102,0.20088
64,0,0.0,0.0,0.0,0.0,0.0,0.0,0.04999,0.05077,-0.00104,0.20089
65,0,0.0,0.0,0.0,0.0,0.0,0.0,0.04999,0.05193,-0.0011,0.20091
66,0,0.0,0.0,0.0,0.0,0.0,0.0,0.04999,0.05302,-0.00164,0.20092
67,0,0.0,0.0,0.0,0.0,0.0,0.0,0.04999,0.05362,-0.0029,0.2009
68,0,0.0,0.0,0.0,0.0,0.0,0.0,0.04999,0.05389,-0.00475,0.20086
69,0,0.0,0.0,0.0,0.0,0.0,0.0,0.04999,0.05391,-0.00706,0.20083
70,0,0.0,0.0,0.0,0.0,0.0,0.0,0.04999,0.05377,-0.00973,0.20081
71,0,0.0,0.0,0.0,0.0,0.0,0.0,0.04999,0.05352,-0.0127,0.2008
72,0,0.0,0.0,0.0,0.0,0.0,0.0,0.04999,0.05319,-0.01585,0.20082
73,0,0.0,0.0,0.0,0.0,0.0,0.0,0.04999,0.05281,-0.01914,0.20085
74,0,0.0,0.0,0.0,0.0,0.0,0.0,0.04999,0.0524,-0.02253,0.20089
75,0,0.0,0.0,0.0,0.0,0.0,0.0,0.04999,0.05196,-0.02602,0.20094
76,0,0.0,0.0,0.0,0.0,0.0,0.0,0.04999,0.05152,-0.02958,0.20099
77,0,0.0,0.0,0.0,0.0,0.0,0.0,0.04999,0.05107,-0.03321,0.20105
78,0,0.0,0.0,0.0,0.0,0.0,0.0,0.04999,0.05062,-0.0369,0.2011
79,0,0.0,0.0,0.0,0.0,0.0,0.0,0.04999,0.05018,-0.04064,0.20111
80,0,0.0,0.0,0.0,0.0,0.0,0.0,0.04999,0.04973,-0.04441,0.20106
81,0,0.0,0.0,0.0,0.0,0.0,0.0,0.04999,0.0493,-0.04812,0.20099
82,0,0.0,0.0,0.0,0.0,0.0,0.0,0.04999,0.0489,-0.05165,0.20091
83,0,0.0,0.0,0.0,0.0,0.0,0.0,0.04999,0.04852,-0.05496,0.20085
84,0,0.0,0.0,0.0,0.0,0.0,0.0,0.04999,0.04818,-0.05803,0.20044
85,0,0.0,0.0,0.0,0.0,0.0,0.0,0.04999,0.04787,-0.06089,0.19947
86,0,0.0,0.0,0.0,0.0,0.0,0.0,0.04999,0.04759,-0.06349,0.19803
87,0,0.0,0.0,0.0,0.0,0.0,0.0,0.04999,0.04735,-0.06582,0.19618
88,0,0.0,0.0,0.0,0.0,0.0,0.0,0.04999,0.04713,-0.06789,0.194
89,0,0.0,0.0,0.0,0.0,0.0,0.0,0.04999,0.04695,-0.06971,0.19152
90,0,0.0,0.0,0.0,0.0,0.0,0.0,0.04999,0.0468,-0.07129,0.1888
91,0,0.0,0.0,0.0,0.0,0.0,0.0,0.04999,0.04666,-0.07265,0.18586
92,0,0.0,0.0,0.0,0.0,0.0,0.0,0.04999,0.04655,-0.07385,0.18274
93,0,0.0,0.0,0.0,0.0,0.0,0.0,0.04999,0.04646,-0.07492,0.17947
94,0,0.0,0.0,0.0,0.0,0.0,0.0,0.04999,0.04638,-0.07588,0.17606
95,0,0.0,0.0,0.0,0.0,0.0,0.0,0.04999,0.04631,-0.07672,0.17255
96,0,0.0,0.0,0.0,0.0,0.0,0.0,0.04999,0.04628,-0.07745,0.16895
97,0,0.0,0.0,0.0,0.0,0.0,0.0,0.04999,0.04631,-0.07808,0.16527
98,0,0.0,0.0,0.0,0.0,0.0,0.0,0.04999,0.04639,-0.07862,0.16154
99,0,0.0,0.0,0.0,0.0,0.0,0.0,0.04999,0.0465,-0.07908,0.15775
100,0,0.0,0.0,0.0,0.0,0.0,0.0,0.04999,0.04663,-0.07947,0.15392
101,0,0.0,0.0,0.0,0.0,0.0,0.0,0.04999,0.04677,-0.0798,0.15005
102,0,0.0,0.0,0.0,0.0,0.0,0.0,0.04999,0.0469,-0.08007,0.14616
103,0,0.0,0.0,0.0,0.0,0.0,0.0,0.04999,0.04702,-0.0803,0.14224
104,0,0.0,0.0,0.0,0.0,0.0,0.0,0.04999,0.04713,-0.08049,0.13831
105,0,0.0,0.0,0.0,0.0,0.0,0.0,0.04999,0.04724,-0.08064,0.13436
106,0,0.0,0.0,0.0,0.0,0.0,0.0,0.04999,0.04733,-0.08077,0.1304
107,0,0.0,0.0,0.0,0.0,0.0,0.0,0.04999,0.04741,-0.08088,0.12643
108,0,0.0,0.0,0.0,0.0,0.0,0.0,0.04999,0.04749,-0.08097,0.12245
109,0,0.0,0.0,0.0,0.0,0.0,0.0,0.04999,0.04755,-0.08104,0.11846
110,0,0.0,0.0,0.0,0.0,0.0,0.0,0.04999,0.04761,-0.0811,0.11448
111,0,0.0,0.0,0.0,0.0,0.0,0.0,0.04999,0.04766,-0.08114,0.11048
112,0,0.0,0.0,0.0,0.0,0.0,0.0,0.04999,0.0477,-0.08118,0.10649
113,0,0.0,0.0,0.0,0.0,0.0,0.0,0.04999,0.04774,-0.08122,0.1025
114,0,0.0,0.0,0.0,0.0,0.0,0.0,0.04999,0.04777,-0.08124,0.0985
115,0,0.0,0.0,0.0,0.0,0.0,0.0,0.04999,0.0478,-0.08126,0.0945
116,0,0.0,0.0,0.0,0.0,0.0,0.0,0.04999,0.04782,-0.08128,0.09051
117,0,0.0,0.0,0.0,0.0,0.0,0.0,0.04999,0.04784,-0.0813,0.08651
118,0,0.0,0.0,0.0,0.0,0.0,0.0,0.04999,0.04786,-0.08131,0.08252
119,0,0.0,0.0,0.0,0.0,0.0,0.0,0.04999,0.04788,-0.08132,0.07852
120,0,0.0,0.0,0.0,0.0,0.0,0.0,0.04999,0.04789,-0.08133,0.07452
121,0,0.0,0.0,0.0,0.0,0.0,0.0,0.04999,0.0479,-0.08134,0.07053
122,0,0.0,0.0,0.0,0.0,0.0,0.0,0.04999,0.04791,-0.08135,0.06656
123,0,0.0,0.0,0.0,0.0,0.0,0.0,0.04999,0.04792,-0.08134,0.06269
124,0,0.0,0.0,0.0,0.0,0.0,0.0,0.04999,0.04792,-0.08132,0.05904
125,0,0.0,0.0,0.0,0.0,0.0,0.0,0.04999,0.04793,-0.08128,0.05566
126,0,0.0,0.0,0.0,0.0,0.0,0.0,0.04999,0.04793,-0.08124,0.05258
127,0,0.0,0.0,0.0,0.0,0.0,0.0,0.04999,0.04793,-0.08118,0.0498
128,0,0.0,0.0,0.0,0.0,0.0,0.0,0.04999,0.04792,-0.08112,0.04732
129,0,0.0,0.0,0.0,0.0,0.0,0.0,0.04999,0.04797,-0.08091,0.04559
130,0,0.0,0.0,0.0,0.0,0.0,0.0,0.04999,0.04809,-0.0805,0.04475
131,0,0.0,0.0,0.0,0.0,0.0,0.0,0.04999,0.04826,-0.07998,0.04448
132,0,0.0,0.0,0.0,0.0,0.0,0.0,0.04999,0.04845,-0.07942,0.04457
133,0,0.0,0.0,0.0,0.0,0.0,0.0,0.04999,0.04866,-0.07885,0.04489
134,0,0.0,0.0,0.0,0.0,0.0,0.0,0.04999,0.04888,-0.07827,0.04536
135,0,0.0,0.0,0.0,0.0,0.0,0.0,0.04999,0.04911,-0.0777,0.04592
136,0,0.0,0.0,0.0,0.0,0.0,0.0,0.04999,0.04934,-0.07713,0.04654
137,0,0.0,0.0,0.0,0.0,0.0,0.0,0.04999,0.04958,-0.07656,0.0472
138,0,0.0,0.0,0.0,0.0,0.0,0.0,0.04999,0.04951,-0.07649,0.04769
139,0,0.0,0.0,0.0,0.0,0.0,0.0,0.04999,0.04901,-0.07729,0.0478
140,0,0.0,0.0,0.0,0.0,0.0,0.0,0.04999,0.04855,-0.07813,0.04792
141,0,0.0,0.0,0.0,0.0,0.0,0.0,0.04999,0.04837,-0.07844,0.0483
142,0,0.0,0.0,0.0,0.0,0.0,0.0,0.04999,0.04836,-0.07842,0.04882
143,0,0.0,0.0,0.0,0.0,0.0,0.0,0.04999,0.04846,-0.0782,0.04943
144,0,0.0,0.0,0.0,0.0,0.0,0.0,0.04999,0.04862,-0.07785,0.05009
145,0,0.0,0.0,0.0,0.0,0.0,0.0,0.04999,0.04881,-0.07742,0.05077
146,0,0.0,0.0,0.0,0.0,0.0,0.0,0.04999,0.04903,-0.07695,0.05146
147,0,0.0,0.0,0.0,0.0,0.0,0.0,0.04999,0.04896,-0.07693,0.05197
148,0,0.0,0.0,0.0,0.0,0.0,0.0,0.04999,0.04846,-0.0778,0.0521
149,0,0.0,0.0,0.0,0.0,0.0,0.0,0.04999,0.04801,-0.07868,0.05223
150,0,0.0,0.0,0.0,0.0,0.0,0.0,0.04999,0.04784,-0.07901,0.0526
151,0,0.0,0.0,0.0,0.0,0.0,0.0,0.04999,0.04785,-0.079,0.05312
152,0,0.0,0.0,0.0,0.0,0.0,0.0,0.04999,0.04795,-0.07878,0.05371
153,0,0.0,0.0,0.0,0.0,0.0,0.0,0.04999,0.04812,-0.07843,0.05435
154,0,0.0,0.0,0.0,0.0,0.0,0.0,0.04999,0.04833,-0.07799,0.05501
155,0,0.0,0.0,0.0,0.0,0.0,0.0,0.04999,0.04856,-0.0775,0.05569
156,0,0.0,0.0,0.0,0.0,0.0,0.0,0.04999,0.04881,-0.07698,0.05637
157,0,0.0,0.0,0.0,0.0,0.0,0.0,0.04999,0.04875,-0.07694,0.05686
158,0,0.0,0.0,0.0,0.0,0.0,0.0,0.04999,0.04827,-0.0778,0.05697
159,0,0.0,0.0,0.0,0.0,0.0,0.0,0.04999,0.04782,-0.07868,0.05707
160,0,0.0,0.0,0.0,0.0,0.0,0.0,0.04999,0.04767,-0.079,0.05742
161,0,0.0,0.0,0.0,0.0,0.0,0.0,0.04999,0.04768,-0.07898,0.05792
162,0,0.0,0.0,0.0,0.0,0.0,0.0,0.04999,0.0478,-0.07875,0.05849
163,0,0.0,0.0,0.0,0.0,0.0,0.0,0.04999,0.04798,-0.07838,0.0591
164,0,0.0,0.0,0.0,0.0,0.0,0.0,0.04999,0.0482,-0.07793,0.05974
165,0,0.0,0.0,0.0,0.0,0.0,0.0,0.04999,0.04844,-0.07743,0.06039
166,0,0.0,0.0,0.0,0.0,0.0,0.0,0.04999,0.0487,-0.07689,0.06105
167,0,0.0,0.0,0.0,0.0,0.0,0.0,0.04999,0.04866,-0.07685,0.06151
168,0,0.0,0.0,0.0,0.0,0.0,0.0,0.04999,0.04817,-0.07771,0.06158
169,0,0.0,0.0,0.0,0.0,0.0,0.0,0.04999,0.04774,-0.07858,0.06166
170,0,0.0,0.0,0.0,0.0,0.0,0.0,0.04999,0.04759,-0.0789,0.06198
171,0,0.0,0.0,0.0,0.0,0.0,0.0,0.04999,0.04761,-0.07887,0.06245
172,0,0.0,0.0,0.0,0.0,0.0,0.0,0.04999,0.04774,-0.07863,0.063
173,0,0.0,0.0,0.0,0.0,0.0,0.0,0.04999,0.04793,-0.07825,0.06359
174,0,0.0,0.0,0.0,0.0,0.0,0.0,0.04999,0.04816,-0.07778,0.06421
175,0,0.0,0.0,0.0,0.0,0.0,0.0,0.04999,0.04842,-0.07726,0.06483
176,0,0.0,0.0,0.0,0.0,0.0,0.0,0.04999,0.04868,-0.07671,0.06546
177,0,0.0,0.0,0.0,0.0,0.0,0.0,0.04999,0.04866,-0.07666,0.0659
178,0,0.0,0.0,0.0,0.0,0.0,0.0,0.04999,0.04819,-0.07751,0.06595
179,0,0.0,0.0,0.0,0.0,0.0,0.0,0.04999,0.04777,-0.07836,0.06601
180,0,0.0,0.0,0.0,0.0,0.0,0.0,0.04999,0.04763,-0.07867,0.06631
181,0,0.0,0.0,0.0,0.0,0.0,0.0,0.04999,0.04767,-0.07862,0.06676
182,0,0.0,0.0,0.0,0.0,0.0,0.0,0.04999,0.04781,-0.07837,0.06728
183,0,0.0,0.0,0.0,0.0,0.0,0.0,0.04999,0.04801,-0.07797,0.06785
184,0,0.0,0.0,0.0,0.0,0.0,0.0,0.04999,0.04825,-0.07749,0.06844
185,0,0.0,0.0,0.0,0.0,0.0,0.0,0.04999,0.04852,-0.07696,0.06905
186,0,0.0,0.0,0.0,0.0,0.0,0.0,0.04999,0.0485,-0.07691,0.06946
187,0,0.0,0.0,0.0,0.0,0.0,0.0,0.04999,0.04805,-0.07776,0.0695
188,0,0.0,0.0,0.0,0.0,0.0,0.0,0.04999,0.04764,-0.07862,0.06953
189,0,0.0,0.0,0.0,0.0,0.0,0.0,0.04999,0.04751,-0.07892,0.06982
190,0,0.0,0.0,0.0,0.0,0.0,0.0,0.04999,0.04751,-0.07899,0.07061
191,0,0.0,0.0,0.0,0.0,0.0,0.0,0.04999,0.04754,-0.07901,0.07209
192,0,0.0,0.0,0.0,0.0,0.0,0.0,0.04999,0.0476,-0.07901,0.0741
193,0,0.0,0.0,0.0,0.0,0.0,0.0,0.04999,0.04767,-0.079,0.07653
194,0,0.0,0.0,0.0,0.0,0.0,0.0,0.04999,0.04774,-0.079,0.0793
195,0,0.0,0.0,0.0,0.0,0.0,0.0,0.04999,0.04782,-0.07901,0.08232
196,0,0.0,0.0,0.0,0.0,0.0,0.0,0.04999,0.04789,-0.07903,0.08555
197,0,0.0,0.0,0.0,0.0,0.0,0.0,0.04999,0.04796,-0.07905,0.08895
198,0,0.0,0.0,0.0,0.0,0.0,0.0,0.04999,0.04802,-0.07908,0.09247
199,0,0.0,0.0,0.0,0.0,0.0,0.0,0.04999,0.04808,-0.07912,0.0961
200,0,0.0,0.0,0.0,0.0,0.0,0.0,0.04999,0.0481,-0.07916,0.0998
201,0,0.0,0.0,0.0,0.0,0.0,0.0,0.04999,0.04805,-0.07921,0.10357
202,0,0.0,0.0,0.0,0.0,0.0,0.0,0.04999,0.04796,-0.07925,0.10739
203,0,0.0,0.0,0.0,0.0,0.0,0.0,0.04999,0.04785,-0.07929,0.11124
204,0,0.0,0.0,0.0,0.0,0.0,0.0,0.04999,0.04772,-0.07933,0.11513
205,0,0.0,0.0,0.0,0.0,0.0,0.0,0.04999,0.04759,-0.07938,0.11896
206,0,0.0,0.0,0.0,0.0,0.0,0.0,0.04999,0.04747,-0.07944,0.12263
207,0,0.0,0.0,0.0,0.0,-0.0,-0.0,0.04999,0.04737,-0.0795,0.12573
208,0,0.0,0.0,0.0,0.0,-0.0,-0.0,0.04999,0.04709,-0.07925,0.12887
209,0,0.0,0.0,0.0,0.0,-0.0,-0.0,0.04999,0.04654,-0.07848,0.13165
210,0,0.0,0.0,0.0,0.0,-0.0,-0.0,0.04999,0.04576,-0.07725,0.13408
211,0,0.0,0.0,0.0,0.0,-0.0,-0.0,0.04999,0.0448,-0.07565,0.13619
212,0,0.0,0.0,0.0,0.0,-0.0,-0.0,0.04999,0.04369,-0.07374,0.13802
213,0,0.0,0.0,0.0,0.0,-0.0,-0.0,0.04999,0.04244,-0.07156,0.13957
214,0,0.0,0.0,0.0,0.0,-0.0,-0.0,0.04999,0.04108,-0.06915,0.1409
215,0,0.0,0.0,0.0,0.0,-0.0,-0.0,0.04999,0.03964,-0.06656,0.14202
216,0,0.0,0.0,0.0,0.0,-0.0,-0.0,0.04999,0.03811,-0.06381,0.14296
217,0,0.0,0.0,0.0,0.0,-0.0,-0.0,0.04999,0.03652,-0.06093,0.14375
218,0,0.0,0.0,0.0,0.0,-0.0,-0.0,0.04999,0.03487,-0.05793,0.14441
219,0,0.0,0.0,0.0,0.0,-0.0,-0.0,0.04999,0.03317,-0.05485,0.14496
220,0,0.0,0.0,0.0,0.0,-0.0,-0.0,0.04999,0.03143,-0.05169,0.14541
221,0,0.0,0.0,0.0,0.0,-0.0,-0.0,0.04999,0.03033,-0.04859,0.14576
222,0,0.0,0.0,0.0,0.0,-0.0,-0.0,0.04999,0.03026,-0.04563,0.14602
223,0,0.0,0.0,0.0,0.0,-0.0,-0.0,0.04999,0.03097,-0.0428,0.14621
224,0,0.0,0.0,0.0,0.0,-0.0,-0.0,0.04999,0.03225,-0.04006,0.14636
225,0,0.0,0.0,0.0,0.0,-0.0,-0.0,0.04999,0.03398,-0.03741,0.14648
226,0,0.0,0.0,0.0,0.0,-0.0,-0.0,0.04999,0.03604,-0.03482,0.14658
227,0,0.0,0.0,0.0,0.0,-0.0,-0.0,0.04999,0.03833,-0.03229,0.14666
228,0,0.0,0.0,0.0,0.0,-0.0,-0.0,0.04999,0.04076,-0.02979,0.14673
229,0,0.0,0.0,0.0,0.0,-0.0,-0.0,0.04999,0.04329,-0.02733,0.1468
230,0,0.0,0.0,0.0,0.0,-0.0,-0.0,0.04999,0.04592,-0.0249,0.14685
231,0,0.0,0.0,0.0,0.0,-0.0,-0.0,0.04999,0.04863,-0.02249,0.1469
232,0,0.0,0.0,0.0,0.0,-0.0,-0.0,0.04999,0.05141,-0.02009,0.14694
233,0,0.0,0.0,0.0,0.0,-0.0,-0.0,0.04999,0.05422,-0.01774,0.14698
234,0,0.0,0.0,0.0,0.0,-0.0,-0.0,0.04999,0.05694,-0.01548,0.14701
235,0,0.0,0.0,0.0,0.0,-0.0,-0.0,0.04999,0.0595,-0.01337,0.14702
236,0,0.0,0.0,0.0,0.0,-0.0,-0.0,0.04999,0.06187,-0.01142,0.14702
237,0,0.0,0.0,0.0,0.0,-0.0,-0.0,0.04999,0.06401,-0.00969,0.14661
238,0,0.0,0.0,0.0,0.0,-0.0,-0.0,0.04999,0.06594,-0.00818,0.14553
239,0,0.0,0.0,0.0,0.0,-0.0,-0.0,0.04999,0.06766,-0.00687,0.14391
240,0,0.0,0.0,0.0,0.0,-0.0,-0.0,0.04999,0.06918,-0.00572,0.14187
241,0,0.0,0.0,0.0,0.0,-0.0,-0.0,0.04999,0.07051,-0.00472,0.13947
242,0,0.0,0.0,0.0,0.0,-0.0,-0.0,0.04999,0.07168,-0.00384,0.13678
243,0,0.0,0.0,0.0,0.0,-0.0,-0.0,0.04999,0.07269,-0.00307,0.13387
244,0,0.0,0.0,0.0,0.0,-0.0,-0.0,0.04999,0.07357,-0.0024,0.13077
245,0,0.0,0.0,0.0,0.0,-0.0,-0.0,0.04999,0.07434,-0.00182,0.12752
246,0,0.0,0.0,0.0,0.0,-0.0,-0.0,0.04999,0.075,-0.00131,0.12414
247,0,0.0,0.0,0.0,0.0,-0.0,-0.0,0.04999,0.07556,-0.00087,0.12066
248,0,0.0,0.0,0.0,0.0,-0.0,-0.0,0.04999,0.07605,-0.00048,0.11709
249,0,0.0,0.0,0.0,0.0,-0.0,-0.0,0.04999,0.07648,-0.00015,0.11346
250,0,0.0,0.0,0.0,0.0,-0.0,-0.0,0.04999,0.07684,0.00014,0.10976
251,0,0.0,0.0,0.0,0.0,-0.0,-0.0,0.04999,0.07715,0.00038,0.10602
252,0,0.0,0.0,0.0,0.0,-0.0,-0.0,0.04999,0.07742,0.00059,0.10224
253,0,0.0,0.0,0.0,0.0,-0.0,-0.0,0.04999,0.07765,0.00078,0.09842
254,0,0.0,0.0,0.0,0.0,-0.0,-0.0,0.04999,0.07785,0.00093,0.09458
255,0,0.0,0.0,0.0,0.0,-0.0,-0.0,0.04999,0.07801,0.00106,0.09072
256,0,0.0,0.0,0.0,0.0,-0.0,-0.0,0.04999,0.07816,0.00118,0.08683
257,0,0.0,0.0,0.0,0.0,-0.0,-0.0,0.04999,0.07828,0.00127,0.08293
258,0,0.0,0.0,0.0,0.0,-0.0,-0.0,0.04999,0.07839,0.00135,0.07902
259,0,0.0,0.0,0.0,0.0,-0.0,-0.0,0.04999,0.07848,0.00142,0.0751
260,0,0.0,0.0,0.0,0.0,-0.0,-0.0,0.04999,0.07856,0.00148,0.07116
261,0,0.0,0.0,0.0,0.0,-0.0,-0.0,0.04999,0.07862,0.00153,0.06722
262,0,0.0,0.0,0.0,0.0,-0.0,-0.0,0.04999,0.07868,0.00157,0.06336
263,0,0.0,0.0,0.0,0.0,-0.0,-0.0,0.04999,0.07873,0.00163,0.0597
264,0,0.0,0.0,0.0,0.0,-0.0,-0.0,0.04999,0.07877,0.0017,0.05629
265,0,0.0,0.0,0.0,0.0,-0.0,-0.0,0.04999,0.0788,0.00177,0.05318
266,0,0.0,0.0,0.0,0.0,-0.0,-0.0,0.04999,0.07883,0.00185,0.05038
267,0,0.0,0.0,0.0,0.0,-0.0,-0.0,0.04999,0.07886,0.00193,0.04787
268,0,0.0,0.0,0.0,0.0,-0.0,-0.0,0.04999,0.07888,0.002,0.04565
269,0,0.0,0.0,0.0,0.0,-0.0,-0.0,0.04999,0.07887,0.00209,0.04403
270,0,0.0,0.0,0.0,0.0,-0.0,-0.0,0.04999,0.07882,0.00217,0.04311
271,0,0.0,0.0,0.0,0.0,-0.0,-0.0,0.04999,0.07875,0.00223,0.04263
272,0,0.0,0.0,0.0,0.0,-0.0,-0.0,0.04999,0.07866,0.00227,0.04244
273,0,0.0,0.0,0.0,0.0,-0.0,-0.0,0.04999,0.07857,0.00228,0.04244
274,0,0.0,0.0,0.0,0.0,-0.0,-0.0,0.04999,0.07847,0.00226,0.04254
275,0,0.0,0.0,0.0,0.0,-0.0,-0.0,0.04999,0.07837,0.00223,0.04272
276,0,0.0,0.0,0.0,0.0,0.0,0.0,0.05,0.07826,0.00218,0.04293
277,0,0.0,0.0,0.0,0.0,-1e-05,0.0,0.04999,0.07815,0.00212,0.04316
278,0,0.0,0.0,0.0,0.0,1e-05,1e-05,0.05,0.07804,0.00205,0.04339
279,0,0.0,0.0,0.0,0.0,0.0,-0.0,0.04999,0.07792,0.00198,0.04363
280,0,0.0,0.0,0.0,0.0,0.0,-0.0,0.04999,0.0778,0.00191,0.04385
281,0,0.0,0.0,0.0,0.0,-1e-05,0.0,0.04999,0.07768,0.00183,0.04407
282,0,0.0,0.0,0.0,0.0,-0.0,0.0,0.05,0.07756,0.00175,0.04428
283,0,0.0,0.0,0.0,0.0,0.0,-0.0,0.04999,0.07743,0.00166,0.04447
284,0,0.0,0.0,0.0,0.0,0.0,-0.0,0.05,0.07729,0.00158,0.04464
285,0,0.0,0.0,0.0,0.0,-0.0,1e-05,0.04999,0.07715,0.0015,0.0448
286,0,0.0,0.0,0.0,0.0,-0.0,0.0,0.04999,0.07701,0.00142,0.04495
287,0,0.0,0.0,0.0,0.0,-0.0,0.0,0.05,0.07687,0.00133,0.04508
288,0,0.0,0.0,0.0,0.0,1e-05,1e-05,0.04999,0.07651,0.00103,0.045
289,0,0.0,0.0,0.0,0.0,1e-05,-1e-05,0.04999,0.07624,9e-05,0.04431
290,0,0.0,0.0,0.0,0.0,1e-05,0.0,0.05,0.07589,-0.00128,0.04323
291,0,0.0,0.0,0.0,0.0,-0.0,0.0,0.05,0.07559,-0.00304,0.0418
292,1,-0.8631,-0.1604,-0.1309,0.8875835622632947,-1e-05,0.0,0.05,0.07524,-0.00504,0.04017
293,1,-13.2287,-1.3516,-1.2748,13.358534399027462,-2e-05,-1e-05,0.04997,0.07498,-0.00732,0.03831
294,0,0.0,0.0,0.0,0.0,-0.00025,-9e-05,0.04998,0.07471,-0.00973,0.03637
295,1,-5.0522,-7.2645,-5.8649,10.615777743528733,-0.0004,-0.00018,0.05001,0.07466,-0.01227,0.03433
296,0,0.0,0.0,0.0,0.0,-0.00042,-0.0002,0.04999,0.07446,-0.01499,0.0322
297,1,-36.8076,-6.9749,-6.2829,37.9858326245457,-0.00062,-0.00033,0.05,0.07434,-0.01786,0.03
298,0,0.0,0.0,0.0,0.0,-0.0007,-0.0003,0.05,0.07407,-0.02091,0.02773
299,0,0.0,0.0,0.0,0.0,-0.00082,-0.00041,0.04999,0.0739,-0.02405,0.02541
300,0,0.0,0.0,0.0,0.0,-0.00081,-0.00044,0.05002,0.07383,-0.02532,0.02491
301,0,0.0,0.0,0.0,0.0,-0.00093,-0.00053,0.05003,0.07375,-0.02607,0.02493
302,0,0.0,0.0,0.0,0.0,-0.00091,-0.00052,0.05,0.0736,-0.02683,0.02497
303,1,-2.068,-3.5643,0.3176,4.133004748364076,-0.00095,-0.0005,0.05001,0.07357,-0.0277,0.02493
304,0,0.0,0.0,0.0,0.0,-0.00101,-0.00056,0.04999,0.07339,-0.02851,0.02499
305,0,0.0,0.0,0.0,0.0,-0.00111,-0.00071,0.05,0.07332,-0.02945,0.02493
306,0,0.0,0.0,0.0,0.0,-0.00112,-0.00071,0.04999,0.07313,-0.03031,0.02498
307,1,-0.0005,-0.0167,0.0281,0.03269174207655505,-0.0012,-0.00068,0.05003,0.07296,-0.03127,0.02493
308,0,0.0,0.0,0.0,0.0,-0.00132,-0.0008,0.05001,0.07272,-0.03213,0.025
309,1,-0.2696,-0.896,1.5105,1.7768259368885857,-0.00141,-0.00088,0.05004,0.07256,-0.0332,0.02493
310,0,0.0,0.0,0.0,0.0,-0.00148,-0.00098,0.05002,0.07225,-0.03422,0.02499
311,1,-0.0015,-0.031,0.01,0.03260751447136074,-0.00167,-0.0011,0.04999,0.07189,-0.0354,0.02493
312,0,0.0,0.0,0.0,0.0,-0.00179,-0.00115,0.05001,0.07155,-0.03644,0.02497
313,1,-3.0554,-0.0081,0.0612,3.05602359447698,-0.00189,-0.00135,0.05,0.07129,-0.03755,0.02494
314,0,0.0,0.0,0.0,0.0,-0.00197,-0.00135,0.05004,0.07095,-0.03862,0.02498
315,1,-0.5524,-8.4538,-2.161,8.743100205304751,-0.00217,-0.0014,0.04998,0.07062,-0.03981,0.02494
316,0,0.0,0.0,0.0,0.0,-0.00228,-0.0014,0.05003,0.07028,-0.04097,0.02497
317,0,0.0,0.0,0.0,0.0,-0.00242,-0.00145,0.05004,0.07,-0.04223,0.02494
318,0,0.0,0.0,0.0,0.0,-0.00251,-0.00156,0.05,0.06953,-0.04352,0.02499
319,1,-3.574,0.265,0.0215,3.5838754512399005,-0.00274,-0.0019,0.05,0.069,-0.04501,0.02495
320,0,0.0,0.0,0.0,0.0,-0.00284,-0.00189,0.05005,0.0684,-0.04645,0.02497
321,0,0.0,0.0,0.0,0.0,-0.00306,-0.00204,0.05001,0.06782,-0.04795,0.02495
322,1,-0.3904,0.0458,0.3373,0.5179585794250348,-0.00314,-0.00203,0.05004,0.06719,-0.04943,0.02497
323,1,-0.0203,-0.1584,0.0775,0.1775074646317726,-0.0032,-0.00245,0.05002,0.06654,-0.05097,0.02496
324,0,0.0,0.0,0.0,0.0,-0.0034,-0.00269,0.05002,0.06587,-0.05256,0.02498
325,0,0.0,0.0,0.0,0.0,-0.00352,-0.00312,0.0499,0.06501,-0.05435,0.02498
326,1,-0.7308,-0.7378,0.3148,1.0851343326980305,-0.00389,-0.00344,0.04994,0.0642,-0.05617,0.02495
327,1,-23.6725,3.5119,-0.3071,23.93355402505027,-0.004,-0.0034,0.05001,0.06328,-0.05795,0.02496
328,0,0.0,0.0,0.0,0.0,-0.00417,-0.00361,0.04998,0.0625,-0.05973,0.02496
329,1,-0.1235,-0.6647,0.0838,0.6812494256878313,-0.00435,-0.00389,0.04997,0.06165,-0.0615,0.02496
330,1,-0.0,0.0,0.0,0.0,-0.00445,-0.00417,0.05002,0.06089,-0.06325,0.02496
331,0,0.0,0.0,0.0,0.0,-0.00461,-0.00442,0.04997,0.06,-0.06503,0.02498
332,1,-2.972,-13.728,1.999,14.187556836890558,-0.00493,-0.00476,0.05003,0.05893,-0.06692,0.02497
333,1,-45.5829,5.4564,-0.218,45.90882918753211,-0.00509,-0.005,0.05002,0.05769,-0.06882,0.02496
334,0,0.0,0.0,0.0,0.0,-0.00537,-0.00546,0.04993,0.05629,-0.07067,0.02497
335,1,-3.41,-12.2907,-16.9425,21.207020364492507,-0.00549,-0.00596,0.04987,0.05515,-0.07249,0.02496
336,0,0.0,0.0,0.0,0.0,-0.00558,-0.00644,0.04983,0.05409,-0.07421,0.02497
337,0,0.0,0.0,0.0,0.0,-0.00575,-0.0068,0.04997,0.05306,-0.07567,0.02522
338,0,0.0,0.0,0.0,0.0,-0.00622,-0.00685,0.05006,0.05246,-0.07652,0.02608
339,0,0.0,0.0,0.0,0.0,-0.00628,-0.0068,0.05,0.0517,-0.07752,0.02683
340,0,0.0,0.0,0.0,0.0,-0.00629,-0.00681,0.05,0.05092,-0.07853,0.02755
341,0,0.0,0.0,0.0,0.0,-0.0064,-0.00682,0.05009,0.05021,-0.07946,0.02823
342,0,0.0,0.0,0.0,0.0,-0.00667,-0.00687,0.05002,0.04956,-0.08041,0.02887
343,0,0.0,0.0,0.0,0.0,-0.00669,-0.00689,0.05001,0.04878,-0.08145,0.02947
344,0,0.0,0.0,0.0,0.0,-0.00669,-0.00689,0.05,0.04781,-0.0826,0.03
345,0,0.0,0.0,0.0,0.0,-0.00684,-0.00691,0.04999,0.04687,-0.08373,0.03049
346,0,0.0,0.0,0.0,0.0,-0.00683,-0.00691,0.05,0.04606,-0.08478,0.03092
347,0,0.0,0.0,0.0,0.0,-0.00684,-0.0069,0.05,0.04536,-0.08581,0.03131
348,0,0.0,0.0,0.0,0.0,-0.00683,-0.00691,0.04999,0.04453,-0.08685,0.03152
349,0,0.0,0.0,0.0,0.0,-0.00684,-0.00691,0.04999,0.04341,-0.08812,0.03114
350,0,0.0,0.0,0.0,0.0,-0.00683,-0.0069,0.05,0.04236,-0.08949,0.03089
351,0,0.0,0.0,0.0,0.0,-0.00683,-0.0069,0.04999,0.04132,-0.09089,0.03053
